N,P,K,Temperature,Humidity,Moisture,LDR,Label
18.108346731124055,29.851942291938403,30.266467753686694,20.046107340550982,17.415357547078468,31.654254053445335,2.5903322801546924,Low
35.91779781864749,67.78209442510634,42.19494849335725,30.342997718000543,68.0853452904765,50.65383708956405,56.56831275559162,Medium
90.26109845608428,85.5220417931494,72.9257331012726,39.849554000008794,95.09254969462668,99.80620390851918,63.63958522322379,High
27.74519995441302,32.01529508441583,4.327325434010516,11.866753208454012,30.59781208231227,32.94858668891793,0.11285368878130031,Low
35.48586491803581,69.77684069646295,37.1038004202592,31.962146584313267,67.94165654470996,51.47921408957049,52.8947977791982,Medium
92.63899039377317,76.33642873803582,93.15005972823363,42.264546024345464,98.16301315502851,90.09691108807037,77.25826887503416,High
23.349279553471458,18.537311922364466,28.859055658904946,15.230254884177207,3.6919649519709052,2.281091239260408,7.39621583647187,Low
38.38545527283731,50.18406598322575,49.056603978254884,33.25252105374136,67.0397423645876,59.96633304464829,34.48920535693472,Medium
84.57495409714235,82.00163667294231,70.272507508581,43.6061172984675,96.98374392760763,83.6179026868432,75.40775299107167,High
5.974719789097984,2.9056734846598724,0.6696738844223954,11.100225162383731,18.331395890728388,34.48430635068132,13.479522494137813,Low
51.65306530304925,59.77934583160072,45.60314314491334,34.4143926662349,67.12506593641922,66.54851600885897,58.559682522832105,Medium
71.53786294389303,99.23512307341124,81.40019281532503,35.422800456502586,91.16380612290415,70.746863290261,94.10506564240673,High
17.67362372987922,16.591627319195236,9.980888820466948,26.34674339566824,11.419941549926161,49.91819232670501,24.590706078547655,Low
39.310726377028026,57.17954477695726,68.58590453371534,31.372784213671487,68.23626113751271,60.69095686599652,55.6700821683888,Medium
89.39446137851807,79.95349150599986,81.55364763682827,36.68537569474176,81.14258923652523,96.88249212910759,97.42123031380325,High
8.952915918916935,34.32912761626055,17.284950774887513,22.966906430579357,12.32950695796903,46.76102979103568,7.347843310137385,Low
42.50376684421801,35.144379485244826,50.1351068003656,31.123591507769657,42.42115412654886,52.48252542856116,56.965241674910374,Medium
92.47771805694782,87.605552227016,81.973466286204,36.431991292402394,77.45935703120873,94.57781787651578,77.78658322274852,High
13.053433764573642,19.507617692392298,26.432397878500538,6.261842385178506,10.438513459858584,40.980938835079485,18.242885947813118,Low
55.37958568160522,58.06375624822817,47.423639100013155,34.207304669975976,68.2316418185344,52.753656853282735,52.84574092425121,Medium
88.17824145335678,70.99520464083452,99.93367084394501,37.74425937109332,92.38508146533269,86.4476082351905,83.22185007739897,High
26.222000216141623,5.192992379231953,2.255681432466285,5.792570347330229,28.586413730468067,34.1533999632032,4.776448723619595,Low
43.26344744107331,42.38311932932633,38.657795231582924,32.62109764668178,49.0191305582687,63.80979392354281,58.225361523997634,Medium
83.83684743355269,73.7516558509609,72.55167615845919,42.59669163292109,78.73512668948128,96.60098800828972,95.71766326572971,High
11.027727326710938,0.5706333965040361,3.890477065131484,10.095264041559588,26.053995531652117,45.17909034936656,0.920011064123849,Low
57.20488808431642,56.41263271604757,50.189200490002264,34.571384098596475,53.419515735673514,65.98510272096233,44.47096410336426,Medium
88.0281026590232,95.68771833772746,73.56200991147409,36.360071716371145,74.20554625699577,99.23867765207495,95.39698640312974,High
9.798439326255064,21.002049232326854,11.322364830094479,19.635636578428468,19.4700524754776,20.016201057810513,11.992942574468131,Low
42.36510609098578,42.25608593683324,58.79831747015786,31.984022119894963,59.68395309621239,52.00374354163005,51.70097534747124,Medium
81.21789445168442,98.05781924643523,80.98259492197492,42.618611856260635,74.66580823481831,71.26167334783727,76.56591413448837,High
4.931286594319941,2.7581111453687726,28.361796548270604,2.103132971379229,27.93544943279425,34.07320060879408,20.404957220492996,Low
45.2810935750595,38.05701367019743,51.516929930413035,30.513257617677645,61.824231552145164,54.184322298239245,50.90619549621519,Medium
90.56531099474033,89.40810897780578,87.9607272825069,40.79891737750159,83.24380311809048,70.33742679891552,83.43382705807628,High
21.646847074442277,21.965807932190664,11.565088954265981,29.14304406445382,37.070506376621594,23.914905697936817,3.5405329783263495,Low
58.22973445656044,44.40530688391594,62.27648084824097,31.08073768004059,47.98166041710017,61.27910234533486,40.395371359566596,Medium
88.17024176167679,77.64790582801089,88.32531596930981,41.20358068535059,71.56375323545683,76.35353285768683,76.30919486955685,High
13.848876038144839,26.5205755173018,13.215814437539006,10.244080378691066,9.815081766291055,48.42639959094285,21.15572003205464,Low
66.59290784851768,63.84472812027447,68.65171242633872,31.221394499095652,52.02008213672724,54.494741673401904,31.57972259547232,Medium
70.21746291555463,82.19461890358626,85.35119513345465,44.60847606135795,91.13768240654909,72.53423565000979,68.1123236675161,High
28.628553129513026,12.827414433843176,13.704212273307904,5.529917249916105,33.693719236288764,33.774006447926226,28.867556622620036,Low
36.071799094921765,64.65723528850279,47.76991913073833,32.98805045677101,65.27364364489722,60.9406296942945,47.82203807079778,Medium
92.22894292068453,95.15900629583265,95.18585616755844,42.640749243367104,93.53326556366146,77.96647066245698,73.09912136706724,High
0.628626571185768,15.181637988070184,32.549087257895614,20.267258680950697,23.68380790284433,9.839858377505905,22.571962638070996,Low
69.97585499462029,66.92192971714799,63.95920574410364,31.296102279961783,42.52389918168984,57.222318589016666,54.36332298683733,Medium
91.54871659995331,83.43313057930021,88.6120654419505,39.14484230085395,79.62820028973877,89.28407001099157,79.56369972866051,High
6.936233018830389,20.10336037658025,21.836361462238745,14.12898034402608,33.31281723195897,18.78677956502556,19.114879238358327,Low
48.36973748538113,56.92100343927846,37.28149173131524,30.459436963059098,51.46395547303406,64.91916475149816,33.63332684603622,Medium
72.90399804963965,91.1351383331269,78.22148212253158,39.719733524544566,99.91776620235825,91.25932530324137,92.55411311894656,High
24.901124929046603,7.920586021404387,6.153735097714916,2.1749780224039004,11.830128257958474,39.10558098100749,2.9653379432039975,Low
39.01580584452923,48.7358559187713,52.699928236404375,34.39448725041666,42.725015260113494,54.168974811726656,39.631358120998115,Medium
80.91873846145612,82.66433411704391,86.90852702641084,40.44162511218326,84.41536999714748,81.69029335748091,85.03371085968233,High
21.52076543078562,23.161885311199704,34.33396051856648,20.052863324236323,13.334603525991838,27.97806111492499,8.692403188462619,Low
50.61927446252968,65.49916232844168,69.14813075132349,32.80532605251478,67.43395809311727,59.5640939935582,57.99683265121884,Medium
75.2378185804091,78.77245195928018,91.09788910781083,36.56078512781265,96.29913477151827,94.81300529549729,78.68785454827012,High
30.336030913123782,11.321710548188761,21.45980318821554,3.644853829202226,22.82642057387018,8.240771132390062,27.58174587454834,Low
46.2878427551577,49.4602073812691,50.31004700883432,31.257408211112914,67.58014214780493,62.432267852387916,54.12419460533065,Medium
78.8703704299493,82.32524135625607,95.02884703319732,38.73500840572584,99.47949246279349,95.46070361710828,84.64012471359624,High
14.028396146860633,4.082490634037963,22.318016030366735,6.389238579975768,31.47174295781108,25.46219097264212,6.745355582724052,Low
54.17345063009476,42.8135225302589,38.513756251077794,33.95669085081721,62.62291837028168,67.91729761037891,42.97202059133591,Medium
99.45305605049023,99.91860108721235,72.12672851642364,42.88244979373256,96.35641345205526,99.64858506105372,61.96517049872658,High
5.949822675187334,32.955446498033886,26.23007508660865,8.971650987189893,31.413782773126606,46.34351662733394,3.112982715916676,Low
49.43313576621974,42.63280376260409,54.88950487565975,33.7615258373138,48.48335552620459,52.23681207787989,39.932008303068855,Medium
78.98088594722454,73.92114964267685,78.15763058927364,36.99917774083888,83.75796018156008,98.55374086904224,77.24450940824585,High
33.7686273267534,28.698916302256713,3.911950972571919,24.253107927189447,21.829784393637542,46.65730178154867,18.901119486392346,Low
36.783737287309876,63.473869092182255,51.13817192512506,32.90411888527689,43.853885050650945,54.92376857901418,54.205832518067936,Medium
90.02392507222113,75.93495331832806,83.48649428640334,35.42328852704707,73.92431726026246,75.61137380129306,69.87270875501919,High
18.79017834786958,28.732570887781062,1.5559721639707347,3.376788291937091,32.940912760762664,15.265648859294833,4.890624308981493,Low
37.22415240330186,51.40077587429877,57.80053299579529,33.93977879701497,60.54657729643054,62.740188089126235,48.35748701219204,Medium
88.25783717929816,94.33462343704386,81.79676536123132,37.406371533701844,86.09652071505704,77.33089168572884,70.7914468223254,High
2.2483773048249143,14.398506788725612,24.2095418388753,3.915487057606332,26.04506824928809,20.967913819296314,9.000473367578847,Low
54.09810167040528,46.30765507189019,39.72367644628526,32.10632346273012,65.77451609257157,67.71331036085911,51.071448750316364,Medium
77.41914084566852,92.65172025898654,70.74406046162548,37.811002828555495,73.48420975465419,96.3352033080686,86.10064311600873,High
34.64193532490205,20.31813475546082,5.853890248428282,5.155854779615025,2.209382704519558,26.584767658852414,12.737550061419187,Low
44.650843734124884,35.24110329936833,40.717933740581195,31.125811591283718,40.31723825369531,66.25172374311398,50.08841378757933,Medium
92.83139695214501,92.3061621510794,97.52679605755836,43.036231414985714,77.52523142167041,79.54665405541964,68.7839042325321,High
26.440591281959723,11.716295851227018,22.275259076097814,0.8449916308386995,25.37547797575762,13.403483313406728,22.707134258882604,Low
53.886815612415084,60.42089232252978,57.629496338614096,34.813398640761385,49.293381681863494,60.57617147889598,56.16368074121688,Medium
82.19914008494887,86.3830099946657,92.23277889442122,36.74562757989219,88.76093671981674,72.26766885154197,78.21130082008935,High
34.05419154342142,33.16583743661728,16.668899447546053,0.547042763494805,3.754687367377345,35.05237640380213,24.644562259490336,Low
47.11779174971586,37.98058692505508,56.02877557259001,31.5191950863817,42.61289658488555,59.76739392136952,45.84050233405634,Medium
72.74442840749875,83.0109120658218,97.19659418011818,41.461686738297885,76.87746005331262,97.8928318253337,61.36669126032304,High
3.4278864250902834,30.98126564991101,8.682247532702517,9.175833107442768,35.22545319545045,49.730636445961075,26.204154067751503,Low
35.91227453472904,40.08660807292239,62.48944481139456,33.587682933070965,66.30352957980159,60.37979632743589,32.06747302384768,Medium
87.09587780150186,80.71821510234723,76.36783880449605,40.07075977979822,99.01059643653159,85.58704958495984,86.46399665516965,High
19.081091178761092,8.078078036840058,6.639072902915108,26.92009481126271,25.814850867498098,16.480180941929053,4.099624773079573,Low
54.901413833898246,64.99493926603627,44.04831694915396,30.04198645704855,67.59066518720259,69.82747957345168,33.87801925968782,Medium
77.49622534446142,99.86738276605767,75.91334238538707,40.094405781684756,77.6899526265479,81.41075918499892,61.71410198358415,High
8.722500312830524,7.862636965312552,8.086870679443624,29.831953972071783,18.45798038392701,11.765053040729084,22.03578151255605,Low
54.450956587896925,50.627462472325156,58.666234658732265,33.88456742979483,66.74301631036928,68.99926845539225,42.953819454678474,Medium
81.21293431176801,86.77787352795214,77.3479904218748,40.2930732910221,93.6723221797677,77.6321857167329,78.164142680689,High
31.530704246964643,28.733429561891167,33.212574371208056,22.784626354374574,20.823681208678696,28.074614504482458,7.197314179777764,Low
40.10980398264974,59.96437402000469,39.24836078780977,30.643712700101062,64.6940708319295,62.1716951154154,47.00294343709817,Medium
88.76891666534355,74.58689691174469,87.82610710853687,39.99413813156199,73.92925756946416,98.44195265617265,95.9508099512676,High
32.354256381598496,9.889763468850203,12.469257598000475,7.30027354937948,3.172000838295337,33.040396764371174,26.4841535679514,Low
57.1951654986795,55.66415097065645,66.7025897910033,30.853840114938727,67.86970036183018,69.40176532476382,48.019668120787244,Medium
92.61407077756469,84.69146370010367,98.09102969020765,36.47717857122465,78.62311336219666,81.57857038051935,78.85515244458357,High
12.26775758666898,11.453242496264467,24.05154984838552,16.722686202286887,20.68349959639573,21.169818983900896,4.279112611468202,Low
54.1125026633874,69.94240459312923,65.28875683168513,33.462234728075636,65.63547400044172,52.30324468974561,32.210814231580194,Medium
98.14680554942686,96.27320918270675,99.88974050711887,35.983775450795235,85.92241650680371,85.90035708628939,80.53993161631126,High
3.9296494668558415,26.41129720763108,6.587364561036241,4.109676903449869,2.8751271543590606,47.05185397807366,21.80401846044858,Low
38.75836750280376,55.30920781403505,63.38544633946884,34.04088104651366,58.7324910779396,68.10041401818846,39.90762706476974,Medium
85.5919859825311,95.01003045449617,71.04279637350422,36.04482963768211,98.29183851931045,89.85695817163514,86.40605711536722,High
32.7656613576829,34.02758801191363,0.8395645808329527,29.525278039451994,26.984527784087273,26.672381210171437,16.7368472952173,Low
37.86816792327293,41.08408068010077,59.12818957272145,30.175445380710904,57.5680328742649,50.218760620401746,30.309939847580072,Medium
91.27285039462134,76.63297422192748,87.63218612233608,36.05985228172953,91.36895685654741,85.96859145144326,95.36830014749705,High
7.007924188413691,1.8717431403348979,3.6472009060607897,5.283168295460809,14.64843017144332,16.4094256253229,22.66484707861102,Low
36.0425125500617,60.59288394019337,58.5642907598402,33.3827051849092,45.68147817183683,53.86591769615234,40.46020407427251,Medium
95.8992881719525,93.32810713322995,79.71860906226648,40.788691488317326,91.07838530943502,90.25352978140162,68.53450693480337,High
32.881802446296916,31.45758059700817,30.077917664194423,0.25831444785466284,38.00979015181833,47.94715333796532,27.969878465298322,Low
39.76647451212675,69.07899985236313,42.21865090204681,30.376135035108813,66.7543696217532,51.5828168711459,42.14723856533749,Medium
89.41049248139849,77.2160424341482,95.40927445472752,36.506712504868666,99.46989578524467,83.06021052635735,63.37391560770068,High
9.436010280047983,34.15626274711733,7.013888341861259,10.856218935458996,38.028284752007295,22.026979226752243,28.228691931624272,Low
54.22878853881846,64.85156815429964,56.594895754255994,30.243466231510784,63.93942502531128,69.58403678454755,34.836662707727655,Medium
87.44999039200349,97.70425011159384,92.35030443221692,42.63285836584397,75.86158013273479,73.61799366020244,97.05729306840625,High
22.103891701173467,33.17602360839231,13.39281087720217,13.854639695780703,32.49579644587948,3.597735959840592,21.027585732975016,Low
67.56259207418525,69.14563906973524,52.20211223204353,32.96366211563947,47.60029181135078,50.81695063975815,44.85826381895792,Medium
79.90370148329535,71.59554504864276,74.72554865036376,41.00756298789202,83.61637639063392,99.5652006571021,93.94422987600208,High
15.791998602384675,34.59581636899372,24.56090697684824,4.049846629824321,2.238997160110876,43.325447667020086,10.136204252852798,Low
58.57893682396288,45.1669110479724,52.732951902403016,34.463357957303074,63.76671384250062,68.19626065402232,34.582082286231376,Medium
88.26499572855988,72.80592183225016,93.61100282474655,35.39769630139188,83.98062383883018,79.40707205309008,80.23191323003088,High
8.590307108187723,30.343977518461102,18.11694813439753,14.435193177583669,17.42822517978281,42.358445301167556,20.17433286048699,Low
52.16810181288302,66.67108522356804,51.42598170282912,32.00429911686519,59.298246540844424,68.07925929032508,53.583100294434445,Medium
77.27111642396498,71.84824493396785,85.38590977568262,37.726652630204995,78.01142455253951,82.39831265320375,78.96392676279521,High
1.9214659313706417,0.6163143765386125,10.036054824244081,17.98577220130264,2.6157251559458716,19.43765344934367,28.237236745555357,Low
35.11442074523684,63.4986220732695,65.35234234774464,32.01173794053766,43.5550796122193,56.256148910957926,41.96181883727458,Medium
90.82705115552417,94.76678635649492,70.94901121154989,43.28435793137597,70.40326972208533,90.66269228554887,93.07516539336675,High
28.249757720548413,4.14280086704431,29.63339899835608,10.546575011912662,23.21772436400003,46.72908460597438,27.591310351373604,Low
44.90699928862417,66.59809556234308,47.68824620428309,34.57200560080606,67.27686536164552,60.08845555347959,32.15721170229642,Medium
90.08161517274638,74.05794948831348,78.74117591284272,36.70163820448919,70.1494891244571,98.43863926472234,73.81329477305185,High
23.267641225143137,3.579982597740456,32.759298911175314,26.46420224508265,25.805331997477374,43.43559295005092,25.575876166675023,Low
49.14161893711753,42.59427746514249,56.15769664904148,33.127740821890676,63.810331874365474,60.73493422923505,51.05876935880207,Medium
85.3072115883835,81.37864138974619,89.06283937845672,39.94720323373599,83.28651330850956,94.99808199192032,89.8263957579203,High
8.670518299026217,25.669748536831225,25.402389576868856,1.3273535220981225,2.8531357384952916,18.78619023883617,23.097245201577504,Low
69.35067123320547,58.58434013465863,46.74468112197714,31.536762004268642,46.31897690416306,58.132242109624876,55.1208150304243,Medium
99.4912036264522,93.69419603211651,92.04064919106597,40.43262663216139,94.41863873043681,84.0325556352413,87.16991246176984,High
30.04751318696788,10.391545884529892,16.47246678936926,22.581397268978108,31.138936978407763,31.696985977632885,16.784661541351756,Low
54.615843666114756,63.49835734638922,67.75450952780372,32.62936190115658,49.22940906816925,56.55534638692207,56.49275754296432,Medium
89.00585612836929,96.78105444281606,96.3287562319868,44.6290504323631,79.55494382218167,87.6951152369067,69.66532075535997,High
15.020875139323367,27.95936009554063,21.96343058530282,11.221278600952955,12.101056534936605,41.345509357586394,6.305231780920685,Low
52.8395892135369,61.95550058872143,68.69972009832202,32.427843580845696,56.316728645893285,66.00852054090656,32.537139653419665,Medium
97.01047994450363,76.1020254211724,89.54520511781692,35.524288743215195,90.97163581103702,94.61054781510927,91.52988539028546,High
34.73481825981279,12.870086298396576,32.275130314681995,14.10868896064422,25.39930817382554,25.650462076201503,24.428180057576988,Low
40.537745988720104,53.84508945929547,37.67683695086448,34.10819315223738,52.72989751251605,69.84224168156999,31.2975166135108,Medium
88.44985893872595,72.86737807146632,83.05390561191138,37.269686756386314,71.25507348922406,72.42438355342632,80.12554787043094,High
34.65330672546361,16.250661340713638,19.40518339590702,28.939071034907293,5.362603347543282,48.48202115842124,29.89187391656464,Low
43.39471280457127,42.77410704565994,35.37105544324316,34.310639196371376,68.81885515620543,57.521341734973944,44.01102470944288,Medium
78.7216470116514,79.26731038757622,94.22773288533901,38.57563268844747,94.29921248069044,75.08809869065043,72.10799803638692,High
18.639588981586435,30.965017429333052,3.6051755451588208,12.237009367648179,36.70126131984678,27.525382843455397,24.193690911943083,Low
42.302996857782404,39.43918701820407,41.514407747926406,31.75968041971668,40.17352971645869,69.15676849666961,57.851534092434605,Medium
82.56829073351034,99.82250709944297,90.03153644112949,35.27380838541176,93.17253501413134,70.9565293001252,60.082763126929976,High
3.556887114006125,27.120576382546677,27.84688015963281,17.027557270512325,22.280542923979127,27.323023497957095,20.654572201807532,Low
49.27394552004166,57.86965462240339,48.531053279600044,30.18365026771347,63.86992306466236,51.51133360131948,38.46386191889743,Medium
77.01872555943422,95.70672213952695,86.52357147973368,39.21685478175472,81.02536852166622,96.00294227842433,65.02406048030974,High
30.51203665059286,28.55180284227613,8.457052805240222,16.5604097597065,13.258045810480525,22.95449825880638,28.295895463116295,Low
38.61168704263136,54.401158659652694,58.82598131663519,31.039366171791826,56.55255853460032,66.2979238254934,46.0728975551652,Medium
80.88471926840255,84.60880873184313,70.41724802525118,37.674549336766944,89.61917060043389,86.92835382689873,94.81303740340215,High
20.85418596636099,11.512643872081023,24.575712817239623,14.648629875041589,27.775601825350947,24.26191941479296,7.131952575690431,Low
45.35046352412836,43.42866175575382,59.82251523573447,30.860872263996892,45.28952563249503,64.73868591769575,36.250653303029,Medium
79.05536798904043,97.63998087162277,96.53782806673509,39.369070913082176,91.37701964333593,76.97410112436964,77.63959782223695,High
5.69323715086885,24.656208389458417,19.368176329805916,12.378607841078892,9.48071026073877,39.270356577210336,9.023478175703861,Low
46.33795978928117,60.80158447859034,45.489456475786156,33.685751378083125,59.71432573528858,61.2877034503173,39.91906845984662,Medium
90.36762501530858,85.530142660827,83.47884988686734,38.760698525001835,97.89330143364417,91.43646649888572,66.42221028735784,High
18.037015754295467,15.47967302846301,13.46483475061769,6.307544284050945,36.42487329422164,18.269069654031117,1.1729758197576323,Low
59.619662099193405,57.627409699338656,61.6984900758427,32.01144370042061,57.204992040208566,58.62021187228562,37.79963884451255,Medium
88.23604754311238,89.89458188960715,85.50141606757002,41.607080631367,84.48703359762554,70.5660325347935,60.00816873306894,High
30.659627732974737,21.364816994759536,27.596661595979576,27.829834608072755,36.150840760655846,33.42219370285688,7.300930808164708,Low
37.30408167651335,37.78575934927362,68.0424645637677,31.801179260687604,64.57626895568177,59.13241866936958,48.31285839090609,Medium
79.51112825609044,87.82235228720154,83.46909194624871,40.19461612088067,77.48823530499739,84.475679528802,60.64316475904476,High
22.95318535855448,31.431299284403423,8.773549353477753,3.5103210433233754,31.390118927422957,29.45903722867237,13.382784154029178,Low
60.26296806051594,50.23166093175686,42.62300594738044,33.17819066822401,42.53211373679353,64.28524890419773,33.598366759834846,Medium
76.9546837696322,85.99358352176134,72.2079965621979,38.84427388570644,93.42822193433346,90.15990861800209,88.77353207232937,High
34.615954519023255,8.624667238792556,27.07734224163796,6.895712086205014,35.89596824023205,14.944330220997637,0.14441546179793208,Low
44.48526009023425,56.47172266031604,47.226717466769514,34.39164909097043,54.33390905458165,56.67145448101397,54.343505163789814,Medium
93.99968942809434,71.33795685767483,89.30975119317503,43.322581159249395,93.70910606767308,70.67854094719816,86.94959150923022,High
24.68178901594302,12.634462408722158,22.619498713817606,17.500565108898442,0.11339176237551207,24.827154442761127,24.92001393585805,Low
57.61127214908185,41.42815419926044,60.17928581487014,30.022093753990983,44.23809062840061,56.00416054876954,34.977384672152745,Medium
75.65215125004886,95.7652621537458,73.27221038112297,38.825968905763254,85.29362750546419,82.84292143707187,81.15533548020616,High
34.370330395046956,31.661598426948125,15.567338897296853,24.12677108024315,4.302007185775523,1.4997318596975562,29.610762152405243,Low
66.41430689701113,38.94340533986977,56.003602564438964,34.44775896968447,66.8528747025563,65.97524964337387,40.83756622207887,Medium
75.29254281522937,83.63292800880312,80.01308011420859,43.951903109376204,70.87672326476586,93.49370289915507,63.47751968199834,High
24.66207827463736,7.976824107255646,26.059269146444475,24.66464482560141,19.21979516814837,1.118077179360616,19.857005342762054,Low
52.643616563022526,51.29130430128314,43.48352060605488,31.416835300852004,45.88195877224995,54.61537727499767,56.58485204704742,Medium
77.7084862964767,84.07875686323051,83.75800844011674,43.65680714329363,77.90900740092029,81.33931003597061,98.98842897940224,High
11.153293060399852,10.34127889115722,22.690181519626325,8.219991772698764,11.89489733827877,20.076139825599316,28.02711353326798,Low
59.17049687122872,40.11705199650649,67.50849525146792,30.812190578397093,41.024848228782815,63.27971054460999,53.18797998643471,Medium
87.62301583315727,88.62372331804961,73.98056026987277,37.91569132485783,72.15196688721102,88.34176022337543,79.94843331660124,High
25.6225488942781,4.748801111818913,34.16263631164505,14.627354647821168,19.26306832509903,15.26129939755852,11.305981568152868,Low
37.47751730852948,68.99099014828869,50.43381980601155,33.44653802157815,56.55710910704413,55.10974684164154,54.943404111445574,Medium
93.13270771213341,99.56746304750031,98.07933983476545,43.01040570222792,85.79030089951583,84.62343436369298,85.33718648728144,High
23.12073137393026,15.83256626235021,1.5130097167990664,25.73193007544963,28.648995829277645,38.984128117247245,18.766867692823308,Low
68.45542099413674,65.99295477734468,41.595387444296215,32.53819798576295,67.39450215149736,62.39001553085327,44.31690883356811,Medium
74.56606468988822,94.68663561563586,89.69860223445107,38.32179670520523,87.78387917027757,95.79742042764659,83.86887130678987,High
16.85085879264399,22.385142162944575,23.337331740464606,13.175001530166572,14.73863581743319,9.34252108903355,1.4922111087670331,Low
48.34473557289545,35.980811150797294,41.97507219916971,30.66776715189447,53.95774089026615,66.63406172965549,52.41640998373492,Medium
93.10356892675918,80.83970295660613,97.40553390974372,40.306296548837494,91.68039698430586,99.89871100313405,78.87239857707254,High
11.197011812533784,14.879835531966974,3.46397273123118,21.391505853213854,36.79781821278397,6.786629285786061,28.90959684156331,Low
36.01720451591228,58.29227164782384,63.00307769396368,32.192600551427475,61.733349298272856,65.6123969086365,40.98250123440876,Medium
96.61401041287695,84.96437280040199,92.79991437828191,44.5228356604489,98.0312270911865,76.65434787936573,88.96543359274924,High
19.647773475955766,3.1887461613659114,13.797791028939537,21.07688602770176,38.77054790166348,14.15201307918016,20.954982929982,Low
36.276925460667854,39.81450572379437,50.47751483581546,32.068949778334385,45.04310771303616,68.68372232552261,44.78278768453606,Medium
83.64981000745894,76.21716577266695,85.06097587138667,36.343896234758624,81.80599322340954,88.35597361825778,90.71896461746849,High
21.69250277200496,27.448108228408035,28.371622820525623,2.386279640926652,31.329412177732543,28.60436094808784,28.41991992828141,Low
51.68230750716336,48.98068554120255,63.62056943185331,30.95810530387992,45.37998537634479,63.778304973022,47.600716364514426,Medium
73.2080695071473,93.7842978129861,75.99142072289524,41.847394820746665,96.6224730954305,87.41829083066625,63.117958296992256,High
19.65103665595197,9.661685670421251,14.38681383653825,17.2855191505574,39.00965902935842,28.94866136060931,6.154666044865589,Low
54.09957565082051,45.74827312761669,67.56384040254092,32.95290475410132,50.821773676698506,56.29729802708803,41.63657751212062,Medium
76.13544402269125,95.35791183096713,94.60567724694066,37.300221468667324,77.09712800123003,94.2909780474582,83.83400632492011,High
16.82556374128991,1.0130732025383367,27.37609336322305,4.185712096390649,6.604903807302929,35.64838867915282,14.728404645041168,Low
42.02807381762206,41.632894458945174,46.524622728060066,32.35916232576393,56.657576732305444,60.126481833226954,35.5255399893773,Medium
90.63635552280296,88.08865586002435,76.41765968441004,36.09631507314005,76.92589979463806,77.88964123282267,86.73604441687418,High
34.224256641824226,21.145019410317072,11.967147151915661,26.0194297775869,0.4856329183604613,39.225285524647134,21.166365948073043,Low
58.69388065498998,42.16209750329828,61.54354679318419,34.08387067965824,49.489443758477606,51.63469509828999,37.39932472652388,Medium
88.67812674319845,71.69840683569818,74.02079604522979,43.709034953317385,72.43229849234861,70.0259455259545,74.92009406512923,High
23.4495870357461,14.481177800588195,12.55697227557088,3.7123739237689826,8.324467724976765,47.3859239410373,3.9875217244442873,Low
52.19121264799329,45.707993512091434,43.049902120527854,30.572868209397495,62.107974045413876,60.26182255732385,32.59707632012156,Medium
73.56081461948392,94.59915559911693,97.74569631869224,36.51215670303356,95.10563459910408,87.27729468215337,67.73074533838879,High
10.20427735580183,17.419048485125437,28.705956207239357,1.7770447598721462,37.811787719351784,24.863088299127238,3.2957357490040784,Low
39.43959698616333,41.414662718745305,45.23682169689019,33.83687280281179,59.03773123994968,59.41158529671213,51.78752292827625,Medium
75.6713406013817,89.01100985987844,83.79887311407342,40.17145610743313,89.72885320473115,81.56666016694604,81.4572430699084,High
23.084389247915617,9.809670146444763,15.595364011400314,7.245712271757223,38.3829900504592,43.03975905735987,11.694799697941471,Low
38.53943470795329,58.796925546874505,48.1501476241513,33.16158470179734,41.39114986062514,58.56167565628179,30.802638190023668,Medium
94.28447465729984,81.6902970126318,87.31125546827974,36.44172987051221,96.27007371244171,88.03828887461158,66.81154370890637,High
18.149431991532644,2.0947158125012137,5.671100067666853,10.81456373260428,35.39208260258617,21.259460260387474,14.42931790907303,Low
43.55463996131066,52.56967053579492,58.14955129972805,32.48114989361442,54.92624871039115,51.07681992086045,40.947515953311786,Medium
96.35563399551708,84.373341040209,74.96083264549573,39.7675972379522,86.35028745730284,83.0964777392242,96.26230047974556,High
26.751806967152692,14.002324988768812,29.58556187456618,9.705295912950533,14.405463239127453,47.41655179078967,16.606241517870544,Low
41.13101128879303,52.85045247305842,54.8144319482025,31.75062534181721,58.903488226200366,54.51053005931732,34.514968938613954,Medium
88.74734183215216,73.4897483794197,73.20134284774744,41.456534704025515,87.74000585085557,88.91539067272868,76.29572377378597,High
16.804586263924154,31.95905377906678,12.813938421744535,1.89566919780649,31.103236874281812,36.73627890454326,26.445414002654022,Low
60.8952081947377,35.20576235844979,35.41890546198996,32.61120208054474,59.737668130655805,69.24890472051885,45.947441192303266,Medium
70.71072782407438,94.69196447815344,73.11356324235271,41.41036217320474,91.86892882974041,95.61914131699405,61.49154779283932,High
6.202828079997467,32.57097461289635,16.549233305007412,4.165766149835758,10.829640668665172,10.920265274340013,27.15171063982734,Low
44.545278375857734,59.99829842004124,64.07302053157585,32.389496572531925,63.10552384082612,57.81693879310921,49.19266762812497,Medium
78.23674347992097,81.92984227238797,98.4109806587457,35.113140092894746,76.14083730453828,81.22001837015677,71.23097892886115,High
31.2483329264696,21.771389543990328,3.100481658057527,10.841415473950942,39.82902588968981,13.756573238932713,22.907803762072472,Low
53.040335760770226,55.45473558930065,54.835186150427056,32.796613685560125,69.5695241823611,68.20613672668387,58.971492184638066,Medium
76.53842372381538,87.52795273555049,93.58522778717082,37.3117206394633,78.02714296057538,91.92667087000339,63.42701481753669,High
20.983287375836543,32.84978863850235,1.130979470839929,24.271619383042406,18.73867868517323,15.772435206585294,28.005958826907005,Low
69.86864108053703,54.49489322086221,44.18701332639178,31.07118612424655,46.59425219157829,60.014891516136444,31.320909633019525,Medium
97.23217336280047,71.18985164504662,95.58104050911095,44.26057194598408,77.60810251768274,95.55988983473327,87.68087046236658,High
0.05686632603823516,17.788154091282394,31.091376549241847,25.941679019235828,30.261433934608924,18.876292246377318,23.707469818879602,Low
35.99257844010518,60.94779606614702,40.920272265568265,32.06428535814755,43.06926376691301,61.979440807211475,47.309980592438876,Medium
76.88088395175669,96.46484121025665,87.47479948629183,40.52175380113074,70.02619749942427,76.66505749583636,72.3425212680116,High
22.82382189567878,34.81105820228016,9.177661537046381,1.1091202444542514,2.180942261447245,3.3960556799374597,26.119302028378783,Low
55.40427717495972,49.7899335126743,42.919323638838286,34.65423898183036,56.545368747933324,64.5682621748803,47.940330016348724,Medium
83.61221523438873,95.76911403242788,80.17511426150061,39.734790130358064,75.41835560094293,87.60315443203959,81.02147904106964,High
12.385958171194243,24.11895906687952,27.274280401041395,17.313248105893813,0.23062281137083307,44.19996117581629,23.5908435560813,Low
54.716179794340576,55.03658393803373,62.898332448578174,33.4675048999854,54.82465329833379,54.62745867069342,57.549624317589135,Medium
90.67539430460606,93.64435525868521,92.44482738428086,37.0374759094977,78.85829744540655,98.69455762456957,75.64260700389309,High
0.20433138362645875,3.0961039195104822,18.119303639792477,28.447946969855476,16.343456010789872,20.687400100837227,9.96845426709202,Low
65.83647920920627,46.348558161492306,58.56165063297414,34.0931324702465,66.01552561475233,69.63128654660497,39.828915157738194,Medium
79.49738157714302,77.856069804574,93.37286294856219,37.058748680504216,80.60552084148367,97.15316038527196,77.66508103638171,High
26.293232092308767,23.094206693952483,33.860150352493335,5.368977561284959,9.242844663943487,38.327097746743725,11.669242580940892,Low
43.656456190914696,36.71586719422675,53.059849713618874,30.702117084869133,48.305321004268436,53.57561895859276,48.975175582671696,Medium
97.79203554596472,83.58836406581595,81.40101879458732,35.95229070106363,95.20382281483558,84.70733657896484,61.021788352760055,High
14.777545597565677,0.12456751281320011,31.901704842599322,21.334687186723905,7.495410748315621,31.786242631998956,5.382115479984199,Low
50.93264552728022,64.93130204237781,48.86377902492617,31.50868875485861,61.66020454087726,63.81737324148693,53.806224699139094,Medium
84.10607825968114,89.46811071135669,91.72223686571913,41.77556157928932,88.33965470008005,96.65401897876252,86.73030145573095,High
19.537150400358062,2.7825895780100725,28.652333097968395,4.262169083497244,17.001522008039508,6.134598886816228,12.722138894749532,Low
41.84583943425264,43.04103047028905,57.120532509932566,30.471302740425354,64.07320111717937,53.63445019613275,55.77101615170486,Medium
82.57484250429273,97.7051468037602,80.34910865376555,38.198416045520304,95.32132426574138,71.37050682369048,74.79733186402305,High
4.4516823857813606,32.586924579955216,15.45287360726101,5.111546485810737,5.185642257225025,29.68293405665087,6.252883923999346,Low
44.15532339849281,66.16330969545095,61.20371978512229,33.37717915702912,67.21963241350213,66.23926253759714,31.170171328959,Medium
85.19937504553758,81.26735461540835,98.9628007789056,42.82216934834596,79.15300714588497,79.33104475206005,64.99933101613222,High
20.414143959215895,28.57037719596174,15.58867480730292,28.66392728269633,37.45588810811317,17.694137970623164,11.525475839391518,Low
54.8891209622233,60.03914306550645,60.73427131855006,31.99459944994081,47.10111978558957,57.380751818586226,36.2448439399892,Medium
73.24446696808317,95.38680171091406,76.04478589617207,42.95848967474244,90.93851311444648,91.6206610263414,66.89002788745216,High
20.343204611705094,16.470292709600727,5.936560124440643,15.79498195578061,38.30348684340154,38.61686783305004,14.650013118610982,Low
41.107506074146265,62.29926643575854,42.62175428958075,33.45583443868741,63.57170044209521,53.51812765211013,43.64555928805729,Medium
83.77421554363166,73.09318533847375,98.78376073585413,41.664067980297446,90.8974556032838,71.71931772881494,88.17793357251243,High
8.40073917847532,1.0938930047453876,18.68678075737971,13.382075436986183,1.5836356030663712,11.251984852687618,8.71529621161432,Low
66.8608988506158,52.34421349204585,39.059994908060546,31.192531487264088,69.33289275113104,69.52804265898929,57.28076360615197,Medium
81.52864614026198,87.99905239064955,86.52539258137016,40.6743513828616,90.25015667394558,76.02850601363139,89.49859333259991,High
1.951022721055275,20.741546048385135,10.37076679340224,7.642439664236016,32.556362094481635,32.69853699989053,25.426852450796925,Low
52.93571438308868,68.63955798207645,55.80932879534554,32.802654136128275,46.09111140123493,53.36250102202173,33.16743160686675,Medium
97.87220400773751,97.57752518677664,85.07267737481828,41.083271540815154,86.67386692816788,87.15558100641034,92.51029032914278,High
0.5677504512908826,27.469284998997267,33.17297817273764,15.630863880870912,13.3184553187616,33.53143501863146,5.8813658591886995,Low
55.8710596599301,38.74315337986144,53.29755763031547,32.22743574714171,48.70323304369291,66.70131569537027,52.86214660818633,Medium
83.94070006638813,70.15205533045769,86.51856509614095,42.97353276463434,74.49209805620565,94.44638960591632,90.10191224918398,High
15.74000909598494,13.652170407147485,8.751568895880656,9.28882134169856,11.355610138194553,9.257067498611043,13.649622561719745,Low
35.770564585131986,36.24474938754391,63.70615203863622,33.1124482275457,49.66282735532621,51.51123710334206,33.08372495950269,Medium
97.81940268432143,80.52538821341747,77.53402391649749,40.98994597656255,85.51317718877391,91.12124591497664,67.25661220354121,High
0.3847184077484572,24.40348165378624,30.7459634513429,7.387237161515748,17.648123545041585,45.81468827811128,7.349584999295585,Low
55.59338361152925,36.83518640171004,48.96753748845659,34.204730301969285,60.49687625783078,62.43139966696384,48.67487482476298,Medium
91.26945677756727,71.99419285354045,96.77851473405647,41.89189576536108,70.88516661523803,75.30288602316456,86.70876707404074,High
26.948392703814115,25.680821332363454,2.0344655951705444,12.805550230491201,33.170665675820096,18.688670237171763,19.3939912333635,Low
61.888320085419444,61.85462395234711,36.22768410858373,30.10109967193989,64.73357105532267,59.01139452321066,33.78468042146412,Medium
95.59534691539166,76.99018631454963,96.33221159818616,43.54982817818816,94.52914014177557,89.88996687100465,70.16668055301213,High
21.94598157539233,34.04067710282512,8.185412424078695,11.966274719891093,18.481609988261106,16.98282450710954,6.210016726769871,Low
37.251483428326615,62.56039145477016,65.54542095011644,32.129945757465364,63.737370556819606,65.02975431080094,54.09539976907469,Medium
93.66560321405932,90.19174326626907,70.40029608255641,43.95290577428595,83.2656965700378,81.37492464796155,77.61998052765406,High
29.450794449392728,28.00709128685683,9.754482639657281,11.534088072347853,6.819989048748449,41.01110521103736,22.895401232068878,Low
66.03219614277734,50.12512443473624,64.08887949600626,31.59728356127355,45.36912252664466,63.213920927829875,40.94073843633968,Medium
90.00264784916081,90.48680356868816,88.3313252257355,42.29755642817968,85.98375277505335,89.39926860134267,71.58281665328471,High
7.018571901806989,27.051986198442375,14.01547742695278,25.3165242431769,5.629250855806336,41.0611876470642,17.126211380175153,Low
64.31302827350756,37.97950576088943,54.36005096883526,30.50991856026232,61.59862292027518,63.96689527815855,56.63162894976614,Medium
89.14057643876308,74.75962171895154,80.81927235131643,36.82598476304288,79.1964540053624,80.25385021752764,66.47635920728928,High
6.868591294280371,5.898868450159931,8.410259439080626,0.4126702340723998,6.4450610287987065,12.002310839551827,29.11642486266732,Low
44.84288124365561,66.70876132629375,55.957687918724176,32.28413367104142,64.55798616365382,68.34034863411264,31.090609543198326,Medium
79.17509422564054,91.30592780189166,77.4199700607213,37.77991549000857,71.50721557908642,73.18121839334665,90.77322852835077,High
17.31946860375303,17.50139289366372,25.574784606563234,14.772286422871995,22.373787834689352,39.14279592518819,21.679279523888056,Low
64.3913836858807,39.29355609235161,58.241869273684294,32.718791226053575,60.084889515270774,57.1582285443244,30.003102960731567,Medium
74.90393915493223,70.14817060061922,87.0931099685773,44.94934348614201,85.55758037595247,89.51646264492508,74.82080912537114,High
6.281602945119965,27.143922144376987,3.5421714428664175,23.590086031822803,26.681837398651815,48.69896113293758,19.35967634882218,Low
39.2741604708247,36.70679186254591,48.748126399516636,31.744384691437123,45.38820489775287,58.9351772807021,47.42659743270244,Medium
93.34578501295258,80.77548810343085,78.34921801036748,40.07595950620091,71.88976155881375,78.84016474462572,88.14239468587957,High
24.234280649232012,15.011611958147808,32.29314995167921,12.524217606287902,25.131295829304747,49.73993497279792,20.083854659543153,Low
54.44550087161678,39.81074266783949,69.8750301013882,31.94698997094413,57.532491711506864,57.27212269981078,45.81133428328022,Medium
76.52130462081853,81.31103479986055,96.27022021930972,42.39814585614038,79.81583918503995,90.23839426410379,64.49887437263914,High
8.207926058946404,12.081357870013822,5.824062379682786,7.068781399891929,25.849932730114414,39.44364733412182,1.077655313657706,Low
67.72820990056493,42.239734241331625,61.31733510189292,34.003023660824326,45.92852854654408,56.43887951105168,54.45733939330425,Medium
99.14092088084682,72.89033962277396,83.708161532313,36.770725192575135,83.52706224785827,78.09405441290828,98.73935145694523,High
23.15294733920852,20.04576310852558,7.61012423215947,21.25397861777447,39.22357963603223,33.253995570988366,17.92736023388563,Low
37.80700437082453,57.149629828642176,61.33291448374089,30.578566982785652,66.66295757567512,57.82928287985492,43.03940325241042,Medium
91.12657060065192,77.5038205438595,70.54280853824561,38.9891747197499,83.86907622904309,79.14251689210172,89.24345354552248,High
1.4011816657071285,18.069566870156812,17.321148618872737,19.456938071815998,14.115801840701398,26.888984362064118,9.366424549432061,Low
65.89591521734027,60.37359766077834,45.58762250822102,30.262549891153334,60.007083196178726,53.281842870303464,57.643337299836716,Medium
96.7036176825187,75.0947496332346,78.31305075622699,42.048679914092524,80.1678214279128,85.033838088995,99.93217863017273,High
13.2782952414554,33.096828413979715,10.084553928564752,16.51831074123782,33.69066874948364,4.312698930668645,0.976352468639401,Low
69.39595933731923,42.10097144244538,43.62915303166069,34.918465984735555,47.29046454820989,52.76233355715012,55.43016986428779,Medium
98.93140620413635,83.38206018370875,84.23823409181955,41.08537855098922,97.1772868144624,84.32801305549724,82.59972947921838,High
20.276957963025858,12.730543228159386,6.513242028646073,27.133722391318077,22.93463349303454,25.25577919150829,6.377754468298427,Low
44.28883317669207,43.954847569521476,39.934626023083304,33.15971667767601,55.40030571652481,60.44250304388615,45.842578939896654,Medium
75.95417907126424,91.39435987356867,89.28208767217312,36.59537864956839,82.15615767482753,70.35045405892639,99.861019390226,High
16.45947613138641,4.238844289786413,30.39089867808055,8.474116168571545,20.02113754782528,26.088944017063316,0.08660668499636426,Low
68.91074171285771,49.270848964711426,40.372916434866234,30.913525010118565,45.27269347259497,60.478704577670015,37.868541370044476,Medium
93.11077332642245,85.48211175647077,97.65811822610652,39.21500372537258,82.67995259913577,96.46989130426621,84.11681951736942,High
29.270106194253202,21.890183006142095,19.935075455653067,11.645424100088594,11.241241945903155,44.933246067132956,13.494851428960095,Low
58.91770220442156,42.542779028097215,59.39058159718638,30.16281577796698,45.59492858632006,52.487143429473555,43.33877740784985,Medium
71.68119895575978,90.87019878282946,76.94829937261976,38.717798251263595,70.69747348949956,83.42184582081109,84.86246915412866,High
6.757798429567062,27.401831696230975,18.09539326482953,9.907755385776857,28.11226927948351,36.58322418503185,7.22855266459289,Low
48.18972495874439,37.85681365722368,48.8400680680045,33.517656944210486,65.67370353289479,50.774576160129726,54.43851142539975,Medium
88.24190972467751,82.10178010551465,80.40189321096719,35.69332205411085,89.1478221832488,77.77825694448254,77.09839728041266,High
29.70146698656115,20.115713989049972,8.617212758711393,27.476620558848527,38.33964429469709,25.926921696399297,24.717719296367918,Low
37.97508131862211,55.605800257688344,48.96767746997931,34.43065889180339,63.12468149684091,61.63989067450832,46.097019187142195,Medium
85.81244357897893,75.05554825339895,83.27642907267091,44.51255422776538,81.66130957819233,91.03952145514555,99.82599471268594,High
12.937447638507745,22.441117282222113,11.016751085951247,26.766408946549298,29.755650714512214,20.13512328365401,29.83489664884224,Low
65.42568669151466,59.707403211750844,65.19038281691813,33.642066127958074,43.625804337044094,61.72348945966126,47.64048708306456,Medium
76.28831378540929,72.9760033401656,84.01840514366407,38.23597067221227,84.36864916658953,82.21788586430925,71.72916588132796,High
4.655300113056326,11.893587192944175,4.183516479887381,0.07646775400956374,27.779781778003173,31.72703800765263,27.21144591845667,Low
63.78843728003345,38.92581353380383,67.84975881607528,32.766893571328,55.56178248333232,54.6194331957238,33.959934531616575,Medium
98.5117305949072,98.55957375097142,89.6165088464682,41.80083869425623,81.122769497106,83.81372186735356,99.08996068311647,High
24.05590243034219,32.093781024033355,27.784490847752185,10.48265827530458,20.4070602891223,5.9733368245726055,10.344073889065125,Low
47.45055500915796,48.28771581225087,49.252427774031595,30.284122962031862,57.26975097868115,56.72197420188858,58.611228241247595,Medium
92.67057592352442,94.61766980189472,97.05114667660665,41.050144160676716,94.92239947290719,77.71485162809154,85.39312846181275,High
17.218995379003196,34.92215742099137,23.039761880649245,1.2231889894943726,7.870349914634707,28.937323469394233,7.479169547782986,Low
65.39081605886571,49.46660426032047,40.85473628181239,33.020052972663564,44.85868827379353,58.203409307542486,30.897959252881318,Medium
79.3656734477505,94.68250788498108,97.12650288491452,39.362658878770326,73.34293682540374,84.48511690064153,73.37178360909849,High
6.173144740766469,14.675698152405982,23.187606000834894,22.673276713654786,9.955526625772485,29.336729183753036,24.110205019972316,Low
42.07107262855928,67.40094320172136,59.047254808035646,31.696341650906245,67.87522992864835,65.28263494061285,43.0092435454759,Medium
85.35151165535399,78.77864827007639,86.74719290135177,40.540679507908955,70.76504634078495,94.68150594916972,67.27040390702133,High
28.268143804918534,2.8541437847613187,19.19986839641677,1.2960915934595874,9.6477398214418,8.711863479331694,8.565548003317504,Low
67.60730856898388,57.614296610747665,43.28853894063134,33.07314204181096,41.40869715790243,63.80056905972394,56.801865803484766,Medium
97.8580223585054,72.81008069318827,99.95914453253613,36.6085069193395,77.93411048986388,72.11696914410754,79.61904168397486,High
31.315782663857103,31.930316026722053,23.19106770546261,26.78110758402417,15.60998411825194,47.00974529728038,9.808498395730565,Low
48.59198225782241,36.62087409012903,43.5035445840458,33.959739581300745,54.17510502001221,67.63527823072458,35.72357681793278,Medium
98.34271429768211,71.72586191590557,96.92105719045496,43.25613819447134,96.7539593406619,83.16729008738257,86.39742356347715,High
22.62369327386358,31.203342859715878,28.51069078102512,27.490615423060998,25.12751761981864,23.28728417937035,5.7006615091424715,Low
62.95041557725426,59.39339060090102,40.05753721672583,33.48937294254531,64.92384265613646,69.03295526734021,54.99086834122052,Medium
95.40756300315402,72.3903982516152,97.37346188065915,41.23943086049554,71.47066969580284,98.67608825024405,62.386916086152866,High
5.88983175118744,22.91092969763602,34.29598316798059,4.538853868524356,23.412062013934882,30.59446326043372,23.632994319992033,Low
49.165576872171584,44.04687567775894,50.85764375831307,34.33989435732544,65.02543908529833,64.72456617221818,57.99213931125705,Medium
84.37078297304222,94.93276042936189,99.23797915655321,42.59899218995242,91.32447793279445,97.86921160261737,70.80319126097513,High
12.458081690765864,21.883231361702617,27.775067778002455,8.61525510183123,2.195454366481049,26.222038941020543,19.350468658328126,Low
43.759268293554896,59.51128510126868,55.770078526765204,30.6900132205516,58.07467104235393,55.705179058923875,32.2973478867629,Medium
96.38380521657109,78.3053752715439,97.52110533969027,40.48292959644955,75.6591158497731,73.26272144703412,63.68264814551493,High
22.379942838552232,26.880078446001857,34.720917158819496,0.6408294366825962,15.502295163874571,18.524811012542198,2.7473569508698956,Low
61.74726803315865,47.87528828985489,45.97705745827284,30.568389878821243,69.30781847047848,64.86276309386173,49.784108271578674,Medium
91.04758991368556,94.29398112300049,99.51686557155529,41.55583410376664,95.9524703950232,83.12415974897948,69.67140853603195,High
5.00582163741458,20.94281578994111,18.931570086907676,22.55358288805782,14.689242614313919,37.02822940396393,3.293796616932123,Low
69.2731708438385,57.25609204132682,53.64361913425728,33.97844577694091,57.56039849108258,57.852781025326365,47.75969321664073,Medium
80.18639108408885,75.96243397850056,79.07255656722897,42.69391221685098,87.9869784128346,93.0668520148727,80.32531114674018,High
12.301624587152878,15.183106149334366,7.984871894624438,24.45800087812237,16.902116397653128,16.627261634701746,0.1595086227319742,Low
44.6155549033423,58.863851961094966,53.182940168644876,30.753174020620126,51.12003473371365,64.69845064645207,46.08870622582873,Medium
79.31777695191845,80.72738286619753,75.37795802716548,42.45630496629906,76.21641737545504,97.93303215555859,84.14472649880446,High
14.971291146396567,29.226031061379338,25.447709250864136,28.683398585566202,3.06191059194453,23.931833232819354,27.693802423198502,Low
60.44753064590219,62.08256386538834,63.407364806610225,32.3436383050582,44.85550160547927,52.245725385969244,38.17306294699193,Medium
83.78089972034317,97.82885791080152,74.27482761507163,41.72855692015571,76.76348654373663,94.15597269940308,92.82660826213399,High
14.395505575005238,23.04794153869315,6.33999077058566,15.049042447028437,25.650152818956926,21.742819335138,5.856554467233438,Low
67.53759612787027,38.63934167183231,69.41061222739745,33.04679038421904,47.79646507451096,57.63027300362654,40.008729326016486,Medium
81.09189458022091,84.22278625870409,88.9635695827613,36.398890855499516,84.37029485149691,95.11147269120984,65.34597504221398,High
34.968518347604935,4.7875984653804835,9.487712485140522,27.500059713406657,35.22810066096177,23.852362307799364,26.35092233681753,Low
42.415493259182554,52.03194363991447,59.75785180141533,32.53459670764192,44.28635327605022,55.729281585946076,41.58923571608457,Medium
92.61412772764729,97.2355104559301,79.28369744922406,35.159025083329425,76.28084066365054,84.14294804202356,61.56583956568399,High
17.39055524542474,4.3773848920987,8.715580295958569,25.77791732394034,13.750815258014706,38.81483662194841,28.69396733076287,Low
52.12046698583554,66.97514822613914,54.73411656014718,33.67953309957369,58.13553269967365,59.53489119918437,41.18552549792278,Medium
87.77480526427458,84.66265188953669,91.80984256288426,44.79852850779528,85.73498200044797,76.72239147758592,92.03511467644807,High
14.965325067970658,6.804380406631355,16.36667765073085,27.761143901933405,32.75986865795746,20.284946738205257,2.4068929497097926,Low
62.530694041162214,45.24938988209138,63.905947115333134,33.79543380255265,50.24314953593253,63.68260164672717,49.24096976878046,Medium
70.33551653386019,77.7467591761844,84.85447907405448,37.35350783814706,78.790804160031,80.51700054794361,60.5461845955587,High
13.617566519317215,31.044885446574987,7.3259873636819925,27.77515756068037,39.652294151244625,6.37190571867175,10.143528848997637,Low
49.89256352122626,65.72436932896247,63.800353155073495,32.305133353004216,66.11417546072556,67.65441049375609,58.935311306993945,Medium
76.42076873708926,86.91504812055267,70.02603060810469,41.706596597820706,87.39141258127773,84.70751624819023,98.26741405264278,High
23.78977635462594,29.908678943750125,15.158212543522733,2.0902782977724432,24.944749301419485,12.528325368054515,16.38549778657362,Low
65.60182411738076,69.2062392607727,37.741139618111355,30.07544459899121,61.95464916344611,67.47563763989854,33.183372941011335,Medium
76.43765508587613,93.64446439622031,74.14071669075089,39.712159728619696,70.90605421195856,72.56917778529414,71.80889756814193,High
30.81143920598116,12.49964435550558,19.2209292394356,13.712295166857691,21.670405955174648,6.250676420843732,8.512333954636762,Low
57.30182227714869,63.457152061013076,38.13339441171195,34.229153131138425,57.58795163183977,64.4286550427388,56.474887920265644,Medium
75.40637168242569,74.48332850361246,90.09548442280119,44.482967350468634,78.15954647977794,95.8329044052398,67.07180440421433,High
15.138745285132387,26.311794725639803,26.602398940944727,24.689512034729834,36.13972320279753,20.670687355891783,2.2032669150962727,Low
64.25307803691301,64.57587388673983,53.697310624820275,34.68415059964663,49.30034415119651,55.52585104607739,46.09564384821819,Medium
88.82255529892853,87.42370760025534,93.7421286134085,39.07634308455084,92.19979264280903,96.23911140420296,66.29288850257194,High
9.072689273376385,22.639232449705524,6.844213460412954,10.261560787470989,27.556659375439402,0.3322072586896707,16.514794129210518,Low
48.46948543141248,69.5304507781643,42.13296451014055,31.932927363811654,46.947334403371165,56.90667245751604,43.36517350391446,Medium
98.21852600002036,99.79618135535928,94.94944737396571,35.36729059067009,80.74413299463032,91.798168112493,89.51893120290033,High
3.8749290641128424,20.75623039156155,2.0198383288320994,5.558736382794299,1.0970313692740197,24.315697634872315,28.623977101829297,Low
54.085015680570976,40.60384553160381,41.07529245891434,33.9664712102849,40.34968302008571,55.77438337939998,45.36736068884641,Medium
90.92672013591292,87.4549625941169,86.3045393109135,42.34925193911249,90.19940903998045,78.9257872277044,82.70302746456562,High
13.758133332632346,20.843659844767497,19.2611362615814,18.043537854929028,11.156680750143568,12.279215041792169,11.657680947638038,Low
36.50388401959989,60.635710053044335,61.52411681359261,30.981313945136062,58.77802482406468,51.978490506140545,30.49197987359409,Medium
87.04013938792457,93.4395819856407,81.3415990429575,35.08489083252395,77.1322908693336,75.8649881748014,61.864519343475195,High
9.625963471604342,19.036574261921313,21.152432613552207,7.513448664400837,32.4216541207853,14.622110592067516,28.21614960033109,Low
57.10641539162632,51.95477097609893,37.02494640613739,30.597673043844463,40.11445697083743,54.43362344488378,57.41072501509495,Medium
77.45448191184666,76.22873670592391,98.55713899583094,43.571617091745665,75.6851825434221,91.22786963377418,85.84963178605508,High
32.023940013521994,21.095169707266066,25.109700930432574,4.469062145765458,20.85891703164912,46.61839433272659,4.832162955040159,Low
37.5958625884811,39.23600489318178,57.43398100799618,32.97010939853684,66.79854334294072,59.06754769250066,33.24269815246095,Medium
75.27591330610947,71.76774450972306,97.86482241476723,43.9381972816994,94.46697010800291,88.19658100486303,74.64946451679188,High
33.452972597403445,31.174073239039615,4.501852931879472,19.268063165194857,4.193251570354848,15.770973073159606,9.642228636700882,Low
50.720915383296905,53.00174284815256,58.51999771245041,32.33502883088264,68.83523148366501,52.62295193108549,34.165174780611984,Medium
79.0700653659119,77.88747270930828,95.25194581912804,39.11892236481246,95.30637409997419,76.5257204575013,64.7761550277396,High
4.608063638081935,16.448691395478797,21.923181771611453,22.86057800241261,23.302700181798453,47.65891825623205,1.0987555309208885,Low
60.88278606983372,45.91743307804665,49.74969781152629,32.82181936425536,56.273698755100824,58.2819764689739,56.703579182434666,Medium
70.5949567338186,99.54370389572165,74.46884392943942,40.889221603240955,87.02745900715713,78.99595841834109,92.7526509926511,High
12.562160429902262,28.51556783293254,7.118622871928827,20.199047992810378,17.18798957014926,34.81449319808634,0.778348411939167,Low
61.369967322777086,56.18419357005945,57.90907898304184,33.95384200621828,52.297773858942904,56.34192778252722,50.9145323614815,Medium
82.37706763324954,92.86845271528695,73.66115252929235,35.10444127404437,71.27360334629208,93.21296855663442,94.44837999511697,High
9.56479118246637,9.192217890178782,18.105296942749987,5.275588058568888,20.37721487602657,37.50509582068325,25.577069707506123,Low
40.8693427531813,66.95102347426578,52.133690637597866,31.623537003530082,53.41891683218567,57.93186092173102,55.10100343760075,Medium
90.5362109677657,93.47440164406743,82.4301144966272,35.93031569922486,70.92826162137226,75.19080310409451,81.69968280061886,High
2.1815891658439406,18.565789483822666,10.846732337734743,22.45753351617629,34.75807041663338,9.015538910996934,10.71616457146144,Low
55.29357483372909,46.14946848330065,39.17305136868051,32.145869143472616,49.003747370584456,57.5459336609982,43.447191850874006,Medium
76.39724545770548,72.42854507505723,73.3123685039957,41.74784329203688,92.9795285375567,95.75758126800842,86.56002337872695,High
10.679262403142443,0.8135569169162021,12.959463853844865,11.165472018956567,22.11979474625943,0.6011235450270491,12.51681277174085,Low
67.27625505908199,50.17929542094387,62.77790107050026,34.656062841321955,42.19897355562977,55.59848783997392,53.431566826316775,Medium
90.61416940091067,98.061466460883,83.97936944039232,44.408802240864446,96.4035982442928,91.8522518602651,76.34032789744545,High
20.887070911060224,33.80626031141101,31.27783622533712,2.881212908972125,0.424059262253742,5.33315719078073,16.91440968132678,Low
48.54656048560133,64.14753239772165,59.046581667139165,32.044135947587776,42.50377207524921,63.00679116398926,42.365837650160444,Medium
85.28069180435683,91.2850928557937,94.27084982163035,40.30768123783587,77.63907124658077,99.6924777105333,77.03601721289321,High
10.629949627675854,26.46945285955456,3.708707150477619,25.832641739123524,35.58184152747301,21.46051958635998,1.5243113262754315,Low
49.19704159788049,58.021361948344484,61.12296347295225,31.29071731443789,64.53610889925112,50.62097748355375,32.0820350644787,Medium
89.26448561157372,79.18671733315044,78.00006457227167,37.58468957135804,79.38488670404335,78.7117848007912,74.23668725797779,High
18.431579713889676,26.03383822912367,29.059574641281355,5.109099158666811,39.264424205594814,3.465729634589676,23.073956368384586,Low
69.09107132834734,56.646714457327455,64.8369695601981,34.851910854059156,42.99098253976647,69.02453738097581,55.639121939885506,Medium
72.76417427040593,99.80173780310065,87.64285504648032,42.13280830057584,73.18353354769367,79.91207851332872,96.18953843602753,High
12.106183193664506,0.7747230895060392,33.76509866882741,29.755020591871535,31.037502264494226,36.88376742661363,2.677378377289709,Low
35.58915922058998,36.74904524787932,53.03731170481333,34.43371929452929,62.51175117668272,65.336853326583,37.91530064667115,Medium
92.80609508318463,71.77932230496636,80.5378940507833,42.955686548196155,86.72802265418198,95.17670551740879,86.40819067910103,High
11.768967417060209,2.690521532520709,14.766967417877153,15.636017165979595,31.752400304611,25.639066017792032,11.589869241187705,Low
50.33159534107758,44.328778487230785,60.28774382429175,34.196375864201784,66.95378673813225,61.360495729036785,58.8701080094147,Medium
81.13286062674591,79.96751362937897,84.82071159215633,37.78171464137129,81.54978333276495,98.55085309150593,85.31717586946,High
33.42111932488832,19.399569900210064,15.633447915289892,22.673675380796677,9.096526530036408,48.145099542491195,21.512439257860695,Low
41.78396580342923,61.75749966453431,35.52171764574935,33.122635041206784,40.17163334968059,61.58316119482474,53.83019484534935,Medium
73.1255631631676,70.84948441281293,90.16610493909921,36.06956366651137,73.9984214332174,77.29755273347598,97.12592281938504,High
23.378712893491365,11.176131730915397,21.845349694048842,13.51481756385459,20.765206972499332,18.166576547798986,26.345228032902046,Low
40.36105985497622,52.129196566949105,66.03696741569365,34.447209638325916,69.91668829935816,65.15772730355582,45.586823793942955,Medium
77.55686743227102,74.2587101955341,80.89231445367918,44.22104690648739,94.55585957751757,84.46276844832886,60.04300814636177,High
32.0311203878688,2.296516440085394,26.780169146889353,7.177154530421944,20.169133319700848,13.732636628480698,12.431567028597225,Low
36.46099093323136,52.27751071819644,42.167432675527756,31.128979018661806,69.45560454923302,65.6130331594653,45.33458663719754,Medium
74.1283237755759,83.14896945387275,75.0665879625489,40.27219103580569,90.5526989988265,84.21435087077062,83.39148910887913,High
1.6318961992056857,23.569166622087174,34.283141074121474,13.267622682617063,22.525420321079878,45.782904906888625,9.93881110447882,Low
65.80405843561529,62.65572519401574,68.90153103812557,33.93447250106626,61.3200447348096,51.961055779782654,33.008936561894814,Medium
86.00761051991329,98.28805372701846,95.1983255821512,41.349722669288326,74.21708741274087,71.25345039020867,78.64471566680041,High
8.011318875985065,1.8890987734360598,29.29213960885915,18.061572745472446,4.433521561433613,46.62503284077075,20.021999116296787,Low
50.22454730016891,51.685069962499476,54.45795703635727,30.425287526307912,68.07530895543209,55.21579414648183,40.469353766927924,Medium
73.04238438607018,84.83070250127389,80.16060862291634,37.55326929510614,95.00445424491694,85.54592639750034,86.49911721650554,High
31.323442868115563,29.0829798783198,30.43899604040702,29.028747700659437,16.136474823031392,1.7624901695247996,7.851389717033353,Low
61.97692779360108,51.35330199163593,51.25286370661128,30.195247841165184,45.13417202057167,67.75684425789714,41.92149462710981,Medium
95.7544268527248,84.65096935570378,90.07502399092694,35.1157517886308,78.9388126944265,89.30540249838047,68.74602702926698,High
9.212378517631121,34.23208516103932,33.8908122273392,18.038865562255605,25.524838690474617,23.89886917709454,9.316862157765556,Low
68.48827549334797,61.07799607038634,35.31228324119118,34.91712602272811,47.81854457967037,58.435043215649344,43.17770110017628,Medium
91.13469694396365,81.22010099991441,72.8594277292631,37.498626716731614,84.7297797797109,94.06610122654769,80.62439787826443,High
21.816682331095645,26.76990050055788,1.171153316255169,1.9004153259088419,32.93576977788963,16.556469791788885,20.6564067751639,Low
67.45850339830476,53.966412997597686,45.99513231505281,33.97608806065617,63.22208389046229,53.02638184405095,48.23546484543182,Medium
76.3454422086688,97.32084923581327,97.065815098446,37.00090122057842,72.48463949914827,75.21331933782633,86.784506064299,High
12.212762985372418,28.058141582918825,29.294438288656846,9.559547684547224,32.490966138632594,5.7620932343318,1.1435061935350754,Low
69.01199214833738,55.47086630576652,60.89060667668333,30.686349173517847,50.80273962801115,61.3936254552886,34.09719957081486,Medium
90.05154072839956,73.10175348937965,78.75411857837818,41.11617469942351,85.92750432133833,91.27679136760374,83.70543901102765,High
29.05462331817385,25.240608605619553,4.982673672874206,20.154150187458086,11.125414141791321,10.346199364041148,21.48357706324782,Low
36.09062273097887,60.71581143674782,36.967008055003056,34.92824891324162,43.17086147136908,67.91859379649935,53.32859876684078,Medium
92.85121883524255,84.1195818207854,73.86725402453597,39.17421107758898,84.20004549130503,71.24267776224809,83.57836578986459,High
23.452527826275457,17.662437714209624,16.758540006815792,4.4468977448425315,39.34540045202441,48.682480082287874,19.561609270987027,Low
50.177539030320546,58.71350587802347,67.98140018445399,32.04038783506904,43.61647085666881,60.84087499184653,30.571390123818595,Medium
83.23492721970308,92.4237513016929,92.31663233244362,38.08295755649119,84.22499383559457,82.1668535312075,83.63257708114418,High
31.752244078598448,14.582249273096991,17.544624155949048,2.2689227119112108,25.533689070646183,41.4945672491298,25.683671808442096,Low
50.18737882220597,40.637115433522055,52.058895217899206,32.47784183847613,42.29292861630028,54.87859746681964,47.473284663537534,Medium
91.80870080867575,75.92768086731094,90.15213867325511,36.001644970577054,97.33827303602096,87.36311539518687,77.3830239214712,High
16.061123151157922,31.59140947877994,25.38563155526964,6.23440722998428,7.155839402650814,4.869765643631718,27.177961697032515,Low
45.54172472708233,69.42668149082124,66.56306344402523,33.58007307760576,46.10571570626281,53.71794555851796,38.33616260096604,Medium
99.65141000459465,77.35436108813637,70.50301080601649,36.20736463232618,91.29610254361795,77.36966062783029,82.15959621922744,High
7.655951463034089,2.7517547718571866,0.9594558913045986,29.540762673167603,24.932334533693027,32.923602712749386,12.89762929168028,Low
60.179283776428555,68.5733523179266,48.9911120214772,34.79050793801389,42.849173493992595,51.159865663959195,51.53744561448595,Medium
83.25027533421117,93.42341233264032,77.39535511431002,36.74913267765839,97.78722915073948,91.38200211280852,84.0661000195609,High
22.311445132149625,17.121147593932616,6.296494363323793,20.246682142068305,11.140873896790072,1.9565294981613968,14.403301167934304,Low
58.19185844083253,61.727027374696775,50.30188639997261,33.568018253412575,62.74136071107297,64.13610527559119,55.639795898017915,Medium
99.49364697869521,84.79327321870034,97.74493575663693,41.961017337430185,82.46494105496232,94.03000259724368,69.76494825780684,High
28.763792704925645,27.505030215380227,2.3574517492249862,6.970600635771088,37.29401950370836,7.599130067524873,19.382073907232233,Low
38.44218958426582,64.24677406938227,38.25297445982224,30.27351263720778,46.23243570535975,57.58554899451281,33.93549813736296,Medium
73.90199520145362,93.42966117885304,77.36678047320083,36.66237689838554,96.75854434257609,71.77108478684386,60.865845682041055,High
11.82826295111939,26.523927700178582,9.050678874365214,21.489335228479504,31.709991406635204,0.18280874323070573,10.645876496789908,Low
43.01814858725634,40.14959689796081,60.95535193449028,32.643011885920885,52.79859543940496,69.89206582808275,41.84679703425534,Medium
91.42865096245126,99.71001653539139,94.20005028954255,43.68533863386498,96.33225754711148,83.89173710468602,67.20255619775998,High
2.2293352925831607,30.34010130686036,22.90900755230798,2.3854246874711036,12.022727313006133,0.5324733286452943,24.669561120692084,Low
51.16802278985336,43.4313406144964,59.183218931687186,34.516226516489084,41.73228827515779,67.07825876840725,47.950806325793245,Medium
74.43811410013419,72.51972414926739,77.53296057589243,38.210988296292584,81.94480268225037,93.0385302909809,97.83551128928173,High
28.490304108942627,14.813620025173446,19.422321575646396,13.443670380244697,26.860522434489212,20.899399778645268,14.42787136093761,Low
45.22072770298463,63.53182702610931,49.07947439158153,31.693447580104387,55.50581725536515,64.37749085605111,54.998615270554076,Medium
93.86156275510211,70.77586350788079,87.92706285554982,39.96238837146616,86.12423504108702,90.06278800380176,85.90938317366195,High
29.52686452026157,8.378953349684325,10.435944797215132,17.35099711528133,14.912481237192923,34.327657363083176,1.8028768676091478,Low
38.903754089555875,43.49958771563227,45.06984546575178,33.09690353974181,62.246614750427696,51.15433764830022,38.276836535379395,Medium
74.92807904512422,74.19779624091547,98.35946842039783,37.411936508066184,96.14699206026378,80.99941759077866,67.16400231934384,High
1.7540928218965561,28.756635985318127,31.98956005493878,14.810452584156806,12.24532051876896,40.110058549736145,18.653844094385335,Low
51.927023757830675,39.95757197337315,51.9305466800791,34.19110002730927,66.13179122983406,54.696604176755514,59.51524005287996,Medium
86.20591467871085,79.99674560856472,93.14386231025684,42.569048294029905,85.29389313676222,70.34444344978498,82.67081927909736,High
25.16091413967671,16.8223554397456,1.1688329218794609,24.11293820711358,10.250459261606576,41.83506899622418,19.656086413461633,Low
40.84873577716413,48.68516488073471,43.75122150509246,33.06972723880376,55.88243838847578,60.986575770717955,51.81187722230056,Medium
96.71208834959515,94.9296191778715,70.84361951149955,39.607116449281236,81.15065869175365,80.37122074791685,63.25844665049837,High
21.9375555375288,1.7764616603326306,14.210196346114197,16.446583827988523,12.174536108661918,33.24505817526528,20.87991500199802,Low
35.66889731560411,48.77588603814078,46.76390376150721,33.750873565376054,66.81894576098804,63.58497943312544,39.73585363929597,Medium
82.45406278675105,98.67189684203393,95.53320833224433,43.84792028930534,96.69872201206009,97.40583603058289,71.99535722988226,High
23.467663326284843,5.101499444233556,5.459474353285564,22.111405992744796,2.8829315505157993,31.401290679563342,9.058211277539465,Low
46.08000051840742,60.61384363365362,65.50495134342862,33.03930785771499,68.2061528205981,58.4624576689389,35.47380681366439,Medium
92.2376225552111,85.9831553038891,73.5302375758663,40.139542001716976,76.15740339667188,91.9557363302704,79.41525601227977,High
25.673499200575815,31.741035377658207,25.211822013359463,19.176674331104845,14.12596628784545,23.59224481895503,8.120756210324771,Low
38.52548048510682,37.57695222471677,69.83647981702946,32.2830803378218,40.34561095528609,61.15600296538154,43.64337866466449,Medium
95.49604943168447,75.13939130831201,75.54917726986116,37.752002304461506,97.08704079090948,96.06370943395865,96.88224094298045,High
31.677547800670638,28.944438301479188,23.682833893727384,9.670145257497774,0.9177973530591599,4.106731734715618,21.135679794466235,Low
47.047762293278,65.45387058046792,43.685677018781355,34.173721476860614,54.38363608825864,57.41891085594707,58.00098457690082,Medium
91.24512577144972,80.11983291263275,99.98196628863164,44.92953547275464,97.94414728132878,91.56990299084262,67.22071064906744,High
2.2237675189110346,3.612760205616261,26.23496716450472,8.181240483969576,33.63763005877225,20.17300634920754,15.973664489304264,Low
65.5982541734674,40.106869171532225,67.31947750242335,34.98929728943833,60.44890121622055,69.62841008594924,37.745838336309355,Medium
80.75322106126364,70.02470590756067,87.63950182579012,37.37888397028398,82.09271100225973,89.59379141416116,78.99440480653354,High
31.11561114629011,25.93722832997765,18.525726353144425,10.108279430516648,27.759511514436195,6.158342910647385,6.250987219621589,Low
60.28552243609981,53.02507745903022,55.45579139623455,34.53999531797046,61.15016076195968,55.16392822172252,46.35260476734058,Medium
90.20414687524568,75.54982981634598,75.11883574726528,36.89859962866684,74.70309063307334,93.85870501657433,62.64767031177238,High
20.792827948563044,14.16399359293128,13.793553493595049,22.12311669133846,0.9738014461398636,37.10207645017899,19.623898905154682,Low
44.71892876309979,35.05679995454023,56.399790070130905,34.26852162829511,52.21135858975874,61.81677600374465,56.155694693455104,Medium
98.13084487939712,88.53441702673763,92.21326597819011,37.32297955904428,90.25348670189227,72.13212075225864,77.93563695832201,High
33.14382797505798,24.656702404626348,8.070937834986731,22.28613696296292,2.5631696643409274,36.995012342030456,15.649262666183573,Low
48.46038902839406,61.01323853986258,62.66036257951906,32.33007737974117,59.25204835202245,52.79174081448366,30.179632212894504,Medium
82.96569148430476,89.55863542149707,98.21441852411175,41.58719565534783,94.8446336830508,77.4155233885535,91.24083442320169,High
13.838362588774435,24.215592027933845,27.01502555520651,16.115564032989973,34.828825861789554,5.816579042428582,2.284642229463155,Low
67.17285773518987,43.65226386267067,48.93845345311367,34.541510032050574,55.19453806160618,68.92534171782076,35.21498749281205,Medium
76.75302707385272,94.74250297193618,84.83239294219543,41.241866457363706,81.4639143077456,97.72346734185705,62.16424115146959,High
24.300457098116617,31.597625662880688,20.356365411436656,1.479115404134822,18.98880584039366,11.8635365851884,28.113405582949454,Low
68.83991739258174,47.89109692258867,63.456449119088845,32.02394484332534,41.809728432208644,50.00073455237547,34.28072906998065,Medium
72.73239270530878,75.23006013894272,99.93371380517456,39.10509259087537,76.89159360442193,70.7701576140295,70.36019690668005,High
8.311129279636218,25.184964620562184,17.55464618344434,7.697731200392779,22.682791425702344,39.368511472225485,29.42960620002673,Low
35.97119527238167,61.50840593754164,45.29753294546347,31.814668456410686,68.6554403403662,58.6903543608514,59.401085876535234,Medium
99.84422225293218,84.96901083587444,79.36884441430819,36.7121715459364,74.45651222677725,75.63245096701696,95.27538338584361,High
29.299446501811634,10.025487039996896,33.524956214759385,15.149658682450413,33.30011379186779,2.7579031018550246,7.118280954896926,Low
62.25201842928199,35.36315231726517,52.66894984148241,31.833010765996228,68.1913597195616,50.07362857419283,39.24830004498109,Medium
81.11422668769794,78.29598215913137,84.49026062811848,41.12833615603926,74.92342211160265,76.84127643856317,80.78944020596039,High
3.501095322782162,6.056066151875874,28.603103999176312,21.719854529383902,9.5989792901748,22.778919891307215,11.82726247252197,Low
57.093221164661045,38.40304616931133,46.54119231046206,34.624696745105,40.76095457937221,68.7825603432966,39.37986461162515,Medium
89.73179037113238,77.20020445786214,77.79228526517487,37.14412169068819,99.77795407807386,72.86165800373361,95.87966686844439,High
19.570741266914055,27.79934937370009,11.991827276155677,20.009832854451894,8.047367427158951,38.50130580389805,28.76614304312046,Low
37.76106065923306,62.45967803691464,56.919934734559455,32.82993361102891,50.764280227973984,67.78148666800028,31.242036465666352,Medium
95.06507165325377,90.9636539512294,98.87716209761079,40.159938039644416,85.80922809646495,80.81672990212296,68.22416561267278,High
27.40678205512295,22.044080890960668,6.084155285594324,13.895542417526649,22.3986066530391,16.851774285152505,9.212448373261275,Low
65.94740114153892,60.7480061747673,64.33281136078973,33.81574622628546,62.08721601642149,58.01258733750437,48.49520843154262,Medium
89.10557365058588,96.06858880819027,92.59162026431368,41.73651342673081,96.0218011547152,96.96282611312292,83.54339158210306,High
2.802353189652119,33.20794605287245,8.226913997663802,24.607846864067195,14.850149140886892,33.4889746301455,10.382307916843018,Low
59.70505674554975,57.63847790602722,59.117995939728274,34.5399832713698,53.58862200482476,62.00247057015767,37.75194660547767,Medium
87.37253329601228,96.84346778940433,92.57526272022932,35.87758695337695,81.03962205608482,95.42781627880804,83.78903550811494,High
23.01003575738335,28.25031692441403,2.227365094059998,19.431523589811885,36.43285438556579,32.75557620187492,1.4820258346100312,Low
46.690578356264865,51.18061913154553,68.02729861348016,33.61927302769551,68.11784909465241,61.516128487999325,42.793973394539904,Medium
80.47454388159768,71.014838048912,98.12679087511144,43.83559635133123,76.20912223200868,90.21648615790726,71.23672208103038,High
2.732175517072787,0.6773919563302011,16.697036642354284,0.3728362279273789,24.365713130451976,2.4114525718170468,16.817348472381827,Low
55.59338501758237,63.960903819794225,66.16526644111119,30.129028925166303,45.69080024854694,64.32583116696965,30.54821670438809,Medium
98.61689031778381,93.74858086898526,77.53951194610374,39.92398017822211,74.2211979820967,78.75571579888984,97.52334281390058,High
9.005919760200724,7.685643039158136,30.75350056647511,27.225424159787607,3.3128395510299935,7.94868358095962,5.3704939800013385,Low
35.09537882842314,63.766258290585185,50.39189500759139,30.754106766388674,67.93782287980756,67.27995670813671,42.882520382896985,Medium
75.36506518008629,77.05677249239953,79.54388143456801,42.088340746168,72.69559654706255,81.28901631637481,73.90908468215578,High
34.79356288433547,18.85865543107872,33.20985836355544,18.257649642655434,25.386166548138412,17.327643505489505,3.693208914781244,Low
39.96751558866423,41.44147278978507,62.31809540353446,31.13847422518038,59.36068529702519,53.917170247987876,56.985485359273255,Medium
98.23133352351141,72.01819433978271,93.20125310595253,41.0827755202461,82.40463975011122,80.58630255343465,96.37333729957524,High
16.041751482822264,7.47963701206673,33.82691511374807,22.90510801419271,39.609061348549744,34.92704461355587,14.354576572384374,Low
39.53864162708151,42.038645800734145,63.02142611958483,34.33128746616888,54.95599897095256,55.51880269352672,41.188077341771326,Medium
85.7926548077887,89.92667681069439,82.56529136359511,37.73453501955107,92.7250393647193,76.25033475425941,82.13568530437959,High
10.769577495772054,21.093376101977384,21.55007812098773,10.168688797550779,30.98467550189582,13.0968127000756,19.122993012534234,Low
50.14202081425238,60.871312001004284,53.930412214259974,34.339687828437505,47.68691532878862,69.63013760580635,49.773749101492115,Medium
80.80168548692673,99.10019107937418,99.1807604780256,44.59828178055493,80.41212066662283,73.63851393996265,96.34941630114292,High
2.617538356198402,5.840342292501766,22.917447023006936,29.354694107932477,26.55381313047298,22.935045244565305,19.254672629479906,Low
64.07772559850608,38.61547684431271,43.76949450784387,34.525920007644196,69.49070839161229,50.69799514052129,39.58174007739238,Medium
75.14184763436693,81.7272234518538,87.93768372327466,38.909302356152374,98.93598992886817,79.93517741839848,72.92797401532212,High
21.959015495248604,22.58182092273201,12.331821044006265,27.926977511482356,34.62280590919848,27.690173741471654,24.6297612833138,Low
64.9698288754263,54.64533942848858,38.107687946660086,34.83991057757379,48.38714321716898,50.78359568485421,59.20507735387109,Medium
95.21481442121689,84.63655824442019,73.6156577396949,43.6131095881324,88.75114395243916,73.1655540386392,63.742077092431785,High
27.400546031711013,10.020550762037557,3.9644343072103805,19.13044084368202,14.12124733475396,48.00447646059226,29.855090948923326,Low
53.09116430341291,39.8708240286195,45.269781164807014,32.92581015086351,46.15969471877788,66.45224519710294,55.035235029602774,Medium
78.45202618933071,94.72351543018604,88.94869067595404,44.25760023968904,83.4013725902197,88.434631224859,91.93509606562782,High
28.843155947981398,11.736171459564424,1.819904192771824,3.450328030380432,24.039160856137023,48.629875108465846,20.884289999596945,Low
58.31859532207385,38.73611996535047,55.56598816286058,30.788449054016944,46.62771459409762,58.7272950248257,32.352903891455746,Medium
76.31219503901303,95.0805536962516,84.81976809244671,43.98982682784446,94.3341300865394,88.98631249898474,99.76561034357894,High
19.44954902739231,21.182917578601202,9.140214608366255,18.051200410487255,32.92657467733883,8.505480763938289,28.00458371092696,Low
54.80642515616693,42.91564464228498,65.5517150414306,33.182032119233035,50.86980666670614,51.10394524701361,42.37722432389916,Medium
88.89703547860228,73.0972554265436,85.00435493452568,36.268927914413204,91.69464229423917,75.69335817912582,83.3560574437318,High
15.715209656375555,0.02421436170054192,3.4248137540519203,19.78870562776399,0.8675202158412265,39.75152017283452,23.067988860232298,Low
53.05849089204518,67.89047976798736,64.75110304755049,31.367653183872036,64.76706449965975,60.59036601899881,43.96609874072146,Medium
98.0004693603605,86.60193168814033,76.16328372308867,36.16092941904271,89.77698008545516,76.03155376841492,93.22380194705875,High
11.517867671505575,34.02637410854423,12.159835924287183,14.688679830713967,24.30464084354403,25.98617211920728,18.37945630574053,Low
62.582510244574834,50.232401759906644,47.0476361622952,30.90583897761231,43.935947785198074,62.576561494194266,30.156528882774875,Medium
88.50293176828465,73.83146009157734,73.54285103303899,39.447191123867825,70.64682543526109,89.70379042085808,88.23794290744127,High
3.410457806893961,15.03017881154002,4.9733175771392215,24.69546480434654,10.009370757183365,1.0639993496272981,27.39186353719583,Low
54.1884401932599,69.16673697431247,35.33642974119077,30.246403213887472,52.14879927416771,60.51493422257669,59.01391346069728,Medium
72.58821458481115,78.22930837204146,72.7710732696314,35.940563992611345,95.04090855334152,88.37276248262623,60.530669108295754,High
13.059346606661624,34.84759390337403,6.513707837208339,14.444225785315076,22.784201781913968,29.510088329168195,25.88864521745091,Low
36.29195880430791,45.565112115930205,53.32483859710118,34.10789004807569,62.85625037857909,53.79086195283769,39.50965937142234,Medium
92.14877876268648,96.10539154134369,71.06571829073317,35.195943804734156,84.37587246842303,90.11946462384805,72.71392564270253,High
20.533365696783655,13.387522044793661,5.096157405883605,18.272881132793724,30.17588533642964,19.352510362421576,4.250346021056429,Low
49.7041193406889,53.004072068056985,49.70917826669288,32.421480626681635,59.2937954557555,57.64268274645843,45.37652927703099,Medium
78.35890862179994,78.10080201796065,79.17940859103108,43.64710766535542,88.86083137150557,79.84020235283438,94.952976133058,High
29.899639106818427,29.52030116007525,30.741549615941963,1.302976884367022,20.469066631018666,23.849796323835815,29.784919284963234,Low
37.88534002770235,43.03019661504855,57.77724190188281,33.29135240368397,43.43449124131398,56.784664026664615,59.86540296970193,Medium
88.50498892850962,90.45107385541233,80.69098022823363,39.958623800570024,91.19793491466392,76.10735303036013,62.23316465668149,High
12.7653272002085,28.714878240463882,8.02127118053475,3.0253806147262994,27.391055307234602,25.101199895705435,25.821267588323998,Low
58.445315042169256,42.67769782189542,42.32757530627888,34.67960163931091,66.89892112129314,63.31221116374438,42.88399129814614,Medium
85.45633309092528,98.47903207098751,93.49034541275734,40.582476260450846,89.08719329775565,90.79492336322146,77.86410308775615,High
7.212767844680709,1.8395544736759488,16.8530175052566,0.04118775444947986,21.40905624412207,6.251724128614344,22.27338970373089,Low
65.75462912415037,50.907089208387376,68.39869671259875,31.21142618679488,45.591692999947846,64.33127573299694,56.52504474281666,Medium
78.79266928694203,96.62108126963678,70.33449851544775,40.19939050928951,70.02065275477047,71.86988106195055,89.72183947232725,High
33.94948489553448,33.79419407925909,24.034740907877104,18.07320088164163,0.1505957423438664,12.011084606108469,2.495904199140533,Low
40.87353267905734,60.17150827597477,56.48300614371715,31.962400802148622,42.5676628819573,62.35422079916775,31.491657077723133,Medium
73.8081453268846,88.98900935838951,90.35882003714546,36.40152164396448,79.04378678096083,89.00548746297245,70.22890923984626,High
12.74817636974163,7.943617774366411,26.688796545084458,11.979658011919785,27.425127902703185,6.74942863197609,4.089266987629011,Low
44.79934152626367,60.668495925377385,55.862424178176944,34.89644417222297,65.71385293646784,60.137357661262904,50.42186966597572,Medium
71.72475904602882,70.52676611200377,84.26900759994506,43.5978114410634,92.10266143840221,83.643723555955,95.59839557552802,High
33.31624870700154,24.57961312373463,20.767130292019292,14.035345521800002,35.23635017183477,17.608134422964266,6.228963412452312,Low
53.086236722050046,69.99925083864615,53.65172373574029,33.435846522672264,41.852293490479,68.29346229525908,48.1088266655263,Medium
70.49872163227836,92.07417210104057,92.20990442583593,42.36546177539257,73.01743871051943,84.62337315637589,61.34373237987053,High
3.525990154330472,4.285065602260616,7.6097761692852055,27.174360615553237,27.07405470556762,21.897993825529532,16.497226619688092,Low
67.38358783656666,39.083022132950816,69.63174548088257,34.85661226032132,65.15588995424744,65.8479937115032,46.59054938543464,Medium
71.87633866189277,96.04472905238421,77.29127272920562,38.79313085147594,89.75359672895127,78.083611490966,82.77122597110393,High
34.13993909810656,16.071094882738294,21.336724524714374,7.402572796043787,37.38952011589076,48.50243502130391,12.31716932550085,Low
61.96457389460142,45.6109804165397,58.891334812185235,30.437557440506477,64.32999995412082,52.40980641986853,40.87600782626474,Medium
95.74439233207084,72.01134451053053,71.89845897803865,36.34026323998304,82.88093049423067,92.49286514475139,70.47062016626201,High
5.686222655479616,1.369015352724876,1.290402290659668,15.635529746630562,18.09145752597494,10.530517975354941,29.770541179465166,Low
59.52310172932246,68.62415739469418,54.62528050270326,33.97588898673709,42.21728940150665,64.12853458080524,36.71224027797345,Medium
86.77200999957432,87.04723232966116,73.312780833388,36.59235988944074,74.85022436675857,98.25098360790646,63.9821965083918,High
21.780592579670614,5.6069111405544545,27.204951236830716,19.049793155955413,34.54344398472025,38.18659337191228,3.079880362297999,Low
41.048101022386426,60.51259043078109,56.50733390975632,34.27583865677479,59.75644959859244,59.39802937787548,55.77475796414399,Medium
83.95498848855803,96.66429912355238,77.2239146207843,40.47099565420787,77.26962779201546,85.89035963795051,65.58890969484624,High
1.425098822826787,28.16465962751,31.448113687590368,29.67626435634192,14.390089477415442,14.314583657147823,22.378483350904038,Low
48.05820918803424,53.965712550945845,65.23547439125925,31.468708460272154,65.32872749211717,63.35909556226687,43.79373223470948,Medium
70.2869912275162,97.23748526942971,97.19593659920689,38.8324228021471,88.97996584493964,80.62541872223073,83.60503462216556,High
29.64939025467669,28.615896346133894,5.565434420638758,17.60520967800798,8.091022367535059,13.38929745599511,14.78054910809174,Low
43.79559179757177,41.00859991300296,64.18591909005791,30.980714468397085,49.33350084160073,60.28635072905108,51.78873376772583,Medium
80.1144625088673,74.53233102029272,88.51225343894072,40.310347951569995,80.58461383297268,92.6549210389826,63.86699373836681,High
15.696679367552447,10.466389652590513,24.42961806624588,27.46085275244135,38.03652974791185,44.10041314611269,19.61584608687661,Low
65.82630044458844,47.1583015180117,69.00525109409756,34.84037893115018,51.04242160674815,59.552036424050385,51.61091881537067,Medium
71.13810817752851,82.5243115273048,76.01109314811609,38.71378417173544,85.66550952883907,90.89245812734254,72.61440124862317,High
24.83434717890021,13.753824204027422,20.56940625533302,16.56323910959528,22.704515814873577,7.982563036659212,13.783149676379338,Low
66.39518910891675,54.30613141669639,40.19074217991562,30.314073875158662,56.282880758129295,57.200560621390295,40.517754600443865,Medium
77.87539460414311,84.56911730928718,87.64364304172425,42.86145029342147,90.63316639568765,83.05093075882155,84.25486953475647,High
13.714812240727076,12.619701580508234,9.802188020546954,4.763718724213466,8.62345579558935,47.67649384135976,1.5069166543163692,Low
39.9116327342927,58.46752743688769,69.15298623878385,32.8378165714249,63.5763701810245,50.38012034987236,45.1521775345799,Medium
94.68108766166841,78.41205547533997,94.03453186949896,37.33312827358953,75.18119482346766,73.12559659305809,74.69603928672348,High
33.712582093657296,2.1359931136099153,16.669974505756144,29.090413236225615,1.3493314114768529,3.6561386039316304,14.36951928258867,Low
58.83190398044946,50.14081708922399,60.179508946693474,32.58743503312854,56.06432132930766,59.87450308096698,46.5453295905958,Medium
92.46604595773405,70.08135100406754,96.62231388158068,36.24725154367087,82.37706048315897,90.16292073492389,66.64833801604284,High
18.208452551643706,20.972097392080585,28.94670136542079,2.9751546397332804,20.561983710072745,31.632027093739616,7.455120761304215,Low
63.61667694943821,51.13512145269001,65.54471947067671,30.465614703059668,62.259397408442375,50.759866983840965,54.64885072385737,Medium
91.72880213128666,81.81838869580625,75.70684231367751,44.23452671149255,76.68205689481253,96.62108798736665,75.35218009623006,High
17.135115720078957,13.491453551439976,1.7782566197277423,3.6961154132925653,34.35847158913801,37.67417037960275,28.322739253078566,Low
58.55445906669077,62.28090789331341,42.62928246517548,32.70395634906563,42.42643915963247,64.68374303035436,50.32819257503976,Medium
78.99759768904158,72.39095822701205,72.49356991154004,44.52768512667063,76.32604459912838,78.41637271005752,86.51887432436979,High
32.21390598470337,22.225585687273533,14.727518531517333,23.84986929652915,15.916567062541054,18.060849914686912,29.585023713761366,Low
46.28510652104544,60.01505580887889,38.115850653073466,30.237492734748518,51.57568455535552,61.20758827000515,58.30522883584227,Medium
80.98651641168146,71.47758201985621,84.60009591381183,43.77673560638023,70.90232435074564,85.67820278350277,98.81101517441303,High
32.250052090235386,9.278025404216338,7.003908947685942,22.611641582077795,34.26777150578651,36.88754250884515,1.7590235835612467,Low
60.61403308514035,61.02191607965837,48.573516110258396,34.879100593591325,41.68821324552065,54.691842942869414,57.254668203833695,Medium
70.5057106178143,71.28469642582655,76.00223718412612,44.57174903196032,97.74054156539272,78.38039223347096,66.06651137598718,High
17.58589013225747,4.803301863862678,1.3568893698476014,22.791439391274,7.172264984636096,27.742022187558007,24.752741536474765,Low
69.25507747576893,50.136040198119844,61.56407925662563,31.4958318699937,49.8578466736361,63.15831974441622,46.410116453323425,Medium
74.8924629444727,84.10124416144507,86.95409793664462,44.89502422472035,76.28389690790013,81.09862856922476,79.64158743891522,High
13.177181723574586,21.660314739222542,22.052618736814917,7.824349786747997,4.257302159639327,0.26546029188843634,0.8913773412977299,Low
48.820190023374195,67.69879030907347,65.77173371382639,33.07966038922479,43.51116844353923,69.4595979092742,42.803395852961984,Medium
76.18975145261167,98.60445111881506,89.15324121788534,43.88091439793655,85.34060580771134,86.51036154173234,75.12483283603217,High
3.4661488802223177,12.287870825615377,5.949532236896632,19.98273186380051,2.0714071472602225,39.973691171385475,27.18212332311002,Low
66.93015650123434,64.7992275674886,39.56354892248254,31.462940418869223,54.85371022131211,58.41363921363626,51.48396397115452,Medium
95.60121340086138,74.40529298674024,92.07118355630344,37.29463285150505,98.86766333795943,78.55675829963236,95.40785315640957,High
31.426818001280083,34.77687507703618,30.196552942167926,10.600433507417016,8.17044803639089,0.951496697359594,3.7126966009386098,Low
51.246572135321244,40.67917428588565,61.42882012241848,34.15416082777539,69.63062926485678,61.094855864685215,33.65056023598678,Medium
80.11174809413461,86.9228785976803,71.80750381760802,40.934222587292034,96.12212899485658,89.47411853097796,95.66300014837576,High
7.509977268976536,7.798897652666372,27.571891822564844,20.17095072810731,17.08851330104106,49.95653496928868,4.309256227324896,Low
55.365460991414565,37.57416693076567,52.81919084602322,33.79903559958975,46.336741924923295,57.61682671292205,46.9738687223503,Medium
96.88117088154705,84.93475696151789,78.27688494427383,39.38509937111274,85.24866555422939,70.12676944714812,68.7907145010092,High
11.498032830792877,8.471746920069782,9.078747435882164,6.600040532752204,25.57721296133927,48.35585607733835,7.775417392238381,Low
49.301820337799874,58.090861807755005,35.04524655537276,30.99598755919586,52.007928315360424,51.84313808404624,43.859146746925745,Medium
97.87069042864213,96.4863171201364,88.86488880614245,36.761986411203765,78.7555135496708,85.91728624782303,88.01181467213134,High
1.0881299054932785,33.46622368461585,1.2063513947025557,8.098225812382557,17.032057523955455,11.54088360528816,12.528307785220905,Low
49.29947596690275,62.61641207909627,64.51231943874765,33.956127610152265,41.656937695482995,57.681365290331556,38.53808158813261,Medium
73.46946146317701,89.12140580702437,80.0996004955867,35.2784713133811,97.37818136932559,75.69305506263164,72.30398849927514,High
10.909250894144357,19.274593174416534,20.876166836947803,27.042478215722852,7.744802905658177,33.231835322997085,28.319387580871638,Low
54.74564629507338,42.271326089637284,49.683752432161896,32.81392094370465,48.868870593168424,60.40931967866846,33.63719677805097,Medium
95.27613099805963,95.20722005177745,80.2029389122731,37.70387696414311,88.97257382879813,99.86032070967448,97.15180839276817,High
27.239018747779824,21.208205647112198,15.241370328041036,28.42944084465619,28.808306921956223,9.590692579087978,16.120967083807994,Low
62.93730091378504,56.56439685397633,69.19157380936554,32.333338182192705,63.73594101671561,66.82399205640262,41.446203981384684,Medium
72.45556369374603,94.42286406184505,72.92185590415318,41.891226816326174,82.93640168285157,77.64253393400189,66.10105337168908,High
9.262727445647828,1.4160874342809944,9.152845002583422,26.614104501721325,11.63317949184795,16.25800331554735,16.42170414019695,Low
49.83220238069798,42.66634181954254,50.252779605593666,32.100261826285816,61.20727040663746,64.87800711009514,45.15256328113999,Medium
72.65092723779071,90.9959581341435,87.89809116659548,43.38146369770037,95.14941308636185,70.07328851635249,95.4690096371603,High
29.231447827672095,34.285796928789466,7.9905305800329804,15.611090258579083,38.955739201486296,10.694460554348744,13.919614068128848,Low
62.43061577833298,54.457197715288785,49.50707632987908,30.36646733214319,54.9872393149061,63.260274534565404,34.101748871907844,Medium
77.5939411351562,90.29576224573704,92.88540286723097,43.38067161850573,84.66508478082939,84.24335076809082,90.69591933643781,High
7.559114990220184,33.67354737281863,23.14823249648253,0.6942272580505116,12.790771253781251,14.87726131985943,6.091703016431315,Low
68.64538245396179,38.146053228753225,35.78151409520595,32.53454438283858,60.030104919145174,68.44989707198798,54.41752905929509,Medium
86.25502818918801,89.94873063268614,75.54247153559025,43.46064192025789,99.65139664750387,70.2329857057993,91.22482882676019,High
32.85731190388159,12.349907476957382,21.71625006765584,28.731204307016316,34.88256419804051,12.828451855315459,27.224956784293045,Low
57.80561924421826,61.15470035579317,40.19023915426733,32.2945824677275,41.57173615999722,51.96294840231891,38.22297920844433,Medium
74.9385997773751,84.00825537787244,94.04000648714918,44.5132691655967,87.28127870376066,71.84203444917772,60.15340027983959,High
8.714594728721853,33.3653348301494,2.9382139479085296,11.821668297268195,15.685044556710146,32.72012766003685,5.707956168451127,Low
36.15418815589608,49.33975494259329,47.55937717286449,32.117679098889234,50.506053515210944,54.15757353204184,43.24485884614851,Medium
78.83527937679159,91.7528815835408,96.20617993153016,44.65530050968779,70.73048338859046,77.74664782381856,65.13290449137077,High
10.799757204098283,20.808007620524098,14.924502326463017,15.311669215476769,19.515928894432793,43.66992190618526,23.013214400251275,Low
54.56740889409292,42.57057379828149,63.92343261993234,31.2252692123109,43.4013679735703,54.90800581483677,49.89533603344461,Medium
79.94836241959138,74.66952850268342,97.74422830766282,38.68860752364403,75.41960961527451,92.18422880376973,64.50893567224307,High
0.6388458420674992,0.7371982404249,21.04888797888627,14.277198301216687,37.14888276718433,16.705380486381404,7.347133272050765,Low
56.958395937356386,61.696648649921926,53.76153588127917,30.910833770198757,40.13578352747161,54.94574942322902,35.54742766327856,Medium
88.83100771204933,77.55653619284679,99.77898588420246,36.70376167902356,97.82280866280985,82.66052138046297,85.28171375683877,High
10.114899304124188,3.260181571927399,21.377958445205984,0.6528662752955317,3.277585961803946,25.77700588175324,3.1380799585169115,Low
65.78786582045177,45.27138933537712,63.1195476097723,30.51543279753799,58.29761225199381,65.10255079970906,33.09918251795485,Medium
95.64146211437702,91.7780122524474,95.87650538613005,36.49012533977947,91.98795458089766,71.2213315003093,74.5897302931221,High
29.016093832622552,23.95894453627334,21.767286877405226,13.551515709071387,9.13550707150868,8.596026750530772,13.0258811928703,Low
61.67114996379097,38.5101838383933,56.78621557475316,31.606198523614975,48.20269919568341,60.20029001362564,51.98459111189315,Medium
84.98452700925519,77.45648449831336,72.24217242337046,42.954481381733046,76.25039112498017,96.58660314990134,84.90692755694775,High
20.627543294979418,26.990244932141472,14.559254839135097,1.8265735587952436,22.626274222202944,2.3120345026748756,21.810279060595185,Low
41.83423509373713,64.82313118586525,35.19998404019723,31.17636549944798,41.199451793470736,69.48840184172478,39.75044323921356,Medium
91.15952451162323,95.04934824432453,75.87183634027576,35.078682596607365,96.57379771851521,81.20603016152864,77.05836674132904,High
13.855861785063963,2.962271673044553,12.968279500414267,23.945588608439042,34.35730016265998,28.61124845506251,5.363954406006382,Low
64.59639936285757,44.40509842459019,49.095458182047366,30.91576908517446,58.6647148334852,60.595038245072416,39.53377050624334,Medium
86.74805425112542,83.78261879928897,75.6816479033538,39.89901767985854,94.62954477637511,87.29325934729579,86.98277233570802,High
9.098421233278494,6.101306590698059,20.33689421882651,27.04328028344,25.280623259014043,21.561147984324013,7.009849287715455,Low
49.42736893214374,55.28247649472874,43.20632904621982,33.36568229899899,62.4339924899935,66.6634445355595,30.813986269678715,Medium
84.81199123588921,70.26898322889136,81.56874534622318,39.04511360552667,98.03058268378263,97.82537712045513,91.37867939556699,High
7.89130968561424,18.703846824080657,12.537182689235951,8.504468556391046,8.595234853876438,35.57303839135449,17.0301709532035,Low
41.00296902353911,53.4518776884043,39.30242996544198,34.223170033558816,57.19761734295852,60.303239624655795,56.08416431372508,Medium
71.90557786695287,77.76205292224772,82.22871835949898,42.84830681107629,74.12741966218965,99.18335661964694,98.93232652974028,High
21.035554662421543,6.193348171329441,0.01791423521477542,5.536911193229499,21.952258120559836,8.031165787316596,5.56782056710965,Low
48.02332735919639,39.10067389100083,62.7146148391041,30.277951225779553,47.82636889428145,61.04035493396255,51.215233793296726,Medium
83.19998739515705,92.38171809486124,73.4169544968893,44.550228103653176,75.90674285828821,85.44803864498132,74.41759409594266,High
23.006187174811515,32.058588641839876,18.314226618088373,26.39873210134906,16.045029958282598,20.509870516062094,1.4962456051078499,Low
67.21950625605601,66.38397452438598,54.44248192677579,34.117604528099164,40.686752452284416,58.60087973725226,37.914974872251925,Medium
79.04560524745722,72.29024628469575,80.06215244568936,44.037583673852964,71.39670742371179,73.98760545860397,96.85263007790749,High
23.05766419732387,0.7999927934877327,34.92756601925223,9.149699863004285,23.933800002276623,5.1181956196349185,2.8284090428547892,Low
54.46765993753509,39.955560100149874,67.84931571579745,33.7055411333158,62.57095298503132,58.60466427669877,54.46290760666046,Medium
89.23783371381198,88.24284520942301,97.87315618792489,44.903454366224295,83.9356250822996,84.5225165641337,97.70668654202345,High
22.00306725858139,27.222620287430352,32.735200105882456,11.35278391777771,37.44184424159342,3.3676107222104568,6.231605823229575,Low
50.255929581459895,64.02048140632812,59.52931232183445,32.7801745986858,68.86304761354094,53.622804988326195,58.448703958109924,Medium
86.66787970918288,77.70123452044928,80.98124965112214,38.955644201368266,77.7097624509181,82.96501011341466,88.23751153573181,High
8.136467901142176,5.364363785690697,24.627301970706444,17.355361741410633,22.091836346293015,24.825384496104537,21.73978308959916,Low
40.794974943893855,56.09776759537751,60.83990994687444,32.26662477114782,43.59784938504898,56.2306210131051,33.50532908180765,Medium
94.7870693464787,74.57105261241072,88.1435592687298,36.24956833551005,90.1037248570955,79.02263136952917,65.22418857608858,High
7.807721769184082,1.219255955962345,5.719905416817558,19.01111176426951,38.74798835560229,49.72114588694973,13.80043462983558,Low
36.03535383158385,41.646342445794964,59.9541076995889,31.636669166397613,68.57697762831795,68.9288193021682,42.425693221853706,Medium
94.62446607426725,86.72734540880397,94.28782167648106,40.87270137317907,83.4422452448872,77.69662212175429,91.97408359279092,High
7.246604732777819,8.109151742001819,11.427977721567919,24.30710610606112,37.33801272646059,34.60315817465241,26.12942745573477,Low
62.73839407869333,40.75983553255025,59.35160548312638,32.41553591571814,42.48355970256387,60.83879093235849,46.8682661986232,Medium
73.13161024373603,90.76527218043962,96.459839616245,38.384456734407735,99.39864855600742,74.28640809484112,87.69787271071087,High
22.054538622701678,4.86983408320776,6.515245080988578,3.729407869587237,3.742398458404117,9.4557856194313,28.69586213856619,Low
39.046179460188085,50.01923623587072,46.01011213371635,31.131572875321478,62.210988840685445,57.47465364972834,53.28703247556777,Medium
86.16990324335737,82.6419498763719,73.06409692511315,40.54708373786222,94.86978463487667,88.43629834747505,71.95227594393545,High
25.223741072684017,6.1641180994662985,22.143407527727167,11.265276464808782,26.211346944807183,2.726551042380204,22.84586182198181,Low
45.896731021421026,38.15227907796252,60.15627678134601,34.54324449196976,59.590057745075484,55.07588555607539,45.837216663563694,Medium
85.87327675838642,75.18659975418618,95.23259894732826,44.419691125843414,92.77583609221539,79.8122677727803,91.42085957756534,High
31.859831905065878,31.05452589928614,4.035490484974879,0.8491652397111438,14.208003610282582,19.246672914717884,23.90677707184382,Low
59.650348129030135,43.15903272726089,68.48481283726413,32.76273888469873,50.70748375960889,63.02298910143006,49.44776992059657,Medium
97.32837386728951,81.18586812289354,81.20742760511601,40.12641665947846,82.2168584611409,74.6170605998863,85.9757523934087,High
19.636859400694505,13.953646782481817,29.783963924767615,22.22887490022415,38.22378815948008,21.533708916317494,23.442973683849623,Low
45.11417586347699,66.54107983854269,45.97024491301943,32.696436342666374,47.7502705135519,53.319595617185755,50.80209786616457,Medium
84.17335673509928,76.98680331811656,75.66595357580586,44.61656846189743,85.25447034067011,70.47243449804795,66.64010145441449,High
26.915618853369754,13.806511818564525,16.402231239064946,0.6374863935257491,4.8259418434156,42.55258821286884,16.34487577052688,Low
41.92949782784349,66.82991689050326,49.08361409728364,33.46985320842441,45.968927038437755,67.72740068871639,49.323055188582,Medium
74.39083864499915,83.99563117548959,77.96373396358591,42.41478249661923,89.57784516580531,84.64832252787097,88.79671424371492,High
28.274807447795137,13.840847853732537,20.93763089917436,2.6621867393470557,22.4457068267714,1.3311024870033716,27.758896903864397,Low
64.0770127313067,64.44163665739467,36.06015610474343,31.25968737821535,43.748663907524794,60.853209657274974,40.883199314616355,Medium
79.47263553201934,94.3823253380634,77.20181090277245,40.905289234132624,86.9221461935977,79.24927006542248,95.00476440335683,High
27.215452803579076,0.9548570045435578,1.6305635579773536,15.281367809499393,24.84059857401234,15.273965818631757,19.70877164483764,Low
68.77790245827252,56.273059959743854,53.80117302882728,34.04584251071519,65.31602943150972,56.928723825635494,35.223814188352506,Medium
98.11842405461199,95.25712825988285,79.82597232215943,36.99365342702358,78.07820338091653,92.75321311435059,84.41977635415174,High
18.116545101072738,33.71559047566323,28.31517800683614,23.002451054798772,28.072023241297643,8.092798729457328,29.073241790705634,Low
44.126869621969895,56.14300241910291,68.84035066657827,34.2145518903766,42.77564158749045,65.30187664858086,53.00305107678784,Medium
73.83808588744066,86.9263563563993,94.9285112408732,36.31525394030644,84.4376774774583,80.62081830004891,74.01600366076951,High
5.862643089615824,10.44654408091795,33.77486835102293,29.493948588014256,16.46241422774535,45.73787274327167,18.382777070520667,Low
69.15715765092062,37.79578546518306,51.127459295747954,34.929004471103255,63.92316824545095,59.00211730965118,41.212352733942126,Medium
96.76051908324837,76.080118857791,99.66815089470433,44.85083879656847,84.93906346291689,91.5596817484138,74.61332993050922,High
34.31652485438283,24.54595718760276,22.34790050131709,29.380151054715668,28.259105794537888,45.887462297430446,26.758227712079975,Low
58.3642655890916,56.3740797184053,51.908658177329016,32.124922749735966,43.149580130623995,56.27666703974531,37.95541627117064,Medium
82.02445457162456,75.71849278364172,96.30555763421602,41.240812035359625,89.979559131277,98.71997735013515,94.20411714144352,High
34.01279291875015,19.838237477914802,8.896408575471943,1.107050367453839,13.052781470439347,49.551993920957685,5.84172141408835,Low
66.5302553822895,44.705767663447304,58.4469589543837,32.980660484106785,42.48700147220933,56.46899481150649,57.60486716931666,Medium
79.6989216500619,87.55137851764054,76.613515084601,44.889807812274064,84.633455397665,71.53641985697817,78.51207279980969,High
28.18479031046397,30.313762250682608,31.15784973642691,28.567408846451293,27.274495127813218,44.79485562037054,14.74745989605038,Low
38.07327084495718,65.82055508576383,41.761455288273666,31.74020517821575,47.84220036178104,67.40108727971506,32.85867735968208,Medium
71.46013684372139,94.41785824683224,76.88603299529896,36.4571793362139,76.70498241534588,89.37548522289592,64.69475602507563,High
5.052534349771208,30.163384382431182,17.615922874025575,19.438587901097044,19.218767299231555,28.883147125457185,8.104130092787523,Low
47.247512950179036,38.94750073110939,56.69011598758952,32.77704646724274,45.62219495259295,50.775039792256216,54.08112985976457,Medium
94.67526300090992,98.50379842932179,75.97758128012144,38.93273823902726,82.02812037336228,94.71091400568784,82.1834043119079,High
7.476167978185886,19.400687359857542,30.71792853936867,16.55313416084498,9.04362325003357,39.98448637802795,13.27316299756265,Low
62.23401875120121,69.12834910522612,42.83381813708315,32.55761849994436,42.51191669885966,59.77867974200249,50.058604265965954,Medium
79.87560983651204,73.45856565508512,83.52893344111183,38.171386030001905,78.67305803671023,84.47345133321141,86.0394241985682,High
19.04855109272179,17.3377019296933,22.974793374846424,26.965878790635788,5.57761700730476,47.09478900013359,15.0068061634928,Low
52.60462778114152,68.6804174189287,59.16565872004258,30.176031055685506,48.66696924461189,68.32486924977391,50.1021469003437,Medium
92.83893896738003,77.52061979990322,99.56136665053822,44.492026362711144,85.16459718865713,82.5843417665443,83.7250971643321,High
0.46105097204329093,31.16502676222713,22.785318699897942,1.1573947421022146,38.069747007771184,11.940836511201464,14.665481833558975,Low
69.60323676966232,51.9405128932588,43.39709596349529,31.142835320911438,48.99934807505871,56.47654877395988,44.178729859370456,Medium
92.19853458855394,97.6506882783158,81.43893573291015,38.40921793078778,82.43051264012045,76.14542386423997,70.86699170414495,High
32.310907348915585,22.02524837289634,32.25557882959185,26.27744240654399,10.642088069291145,21.167632452411716,10.23126396798686,Low
35.350580554628905,54.63836516435187,43.88402808432043,33.3099002039578,67.12086104094186,54.90259569241448,41.61309908625681,Medium
84.18835495017933,83.10265573097638,81.38261565806243,37.0809832694771,94.70569447495946,70.18648253265363,73.57444336192023,High
24.98181923912155,26.5141878344094,23.72178442078784,5.106450739538807,11.08381295250441,28.978644765199864,5.01576073586786,Low
56.50746749257264,62.466232159255156,44.76298781239193,31.33277313637222,53.67463723903911,58.7858524493472,53.76976129506856,Medium
80.4287144400944,91.8894432203623,84.6926799736738,43.50636011230493,73.65935350121741,99.63521451101465,61.67981989236861,High
8.923114024108722,12.34088821538847,1.706014946701695,20.592022782297903,38.989783598467326,18.33203821755976,25.466295148792085,Low
55.94201369752204,51.03808441388203,51.05178327351254,31.784334841822442,63.280574201723596,60.325225600530054,43.623083400856196,Medium
79.77249990320367,90.12782063891169,84.75389526735151,41.032136786390744,89.99725178459974,78.32125945192453,60.73008359407052,High
20.19702949963312,6.177757446158014,3.2525265091531574,20.280052511135064,18.914460321105658,8.541137736964183,9.776383030755118,Low
40.60036161067088,43.27422153914423,50.552837450669486,33.36458330955284,52.8372881359622,53.314686480173854,46.68156600814818,Medium
97.53126613629959,99.13585574737273,95.31592855990507,42.67369525415047,80.01194494004142,74.14072382627762,74.96596252774785,High
24.401643106165288,14.662054049174388,22.407978729674003,27.973752769511417,16.711326332333275,19.916431033228754,1.8336763411122303,Low
35.78024425061752,41.71941139664806,50.69818974728145,33.16936463168005,61.11415479706905,58.44812899886956,31.768341833382213,Medium
90.31134919394759,74.98015711492322,95.29768948014399,37.92948718113097,75.99817814546377,98.9513731351195,76.3895719181927,High
7.693955831947709,7.571582184749616,31.70387333156545,18.88592724657619,2.5065931013840137,4.6683488235766015,11.440726344544533,Low
52.184605746469444,39.67200393067725,56.02920489115988,31.310014641726557,59.42320920518026,68.89826000862652,30.175450999859024,Medium
72.81860496538481,81.32910965127945,70.49437011998263,35.543631370363464,88.86004774206809,85.02286252425343,62.52698965097518,High
26.025716439681094,12.564208201741094,19.44378351033491,3.34289296457671,33.541454009632886,8.643665060072797,28.962108664755224,Low
69.2758518836601,54.153953730890976,69.21201600146843,32.80217757720003,45.98321217056614,62.70850409405952,52.543748953183844,Medium
75.32533578642526,89.7260678979767,76.8889027150525,37.05288340527652,75.57658014846929,91.70692205193949,72.46383828153452,High
21.535220903439853,4.336953645231934,5.9639545082484595,4.617780847521963,24.113357411438294,46.00095237402007,11.769423344563528,Low
36.91853710982012,67.40018229219261,62.80223993098277,34.823222470572325,65.74666231848371,57.3623896314032,35.414843713837456,Medium
82.54412062408483,84.87852349033733,92.9690828055761,39.90808779836278,74.96527723748318,80.33278548456116,86.08868333411978,High
13.384251490501716,24.591555391548564,22.52487084104662,4.270688931312401,27.547642026364137,9.728374849602206,8.604782915318301,Low
52.238623260536556,60.00096610677745,68.66095071398351,30.646091195200885,65.67046237017155,62.15449854657707,31.589099869399877,Medium
95.89129330334889,96.61011962431098,89.62741828247485,36.01491605235192,82.88411045624086,89.40295794782939,63.949623473268915,High
9.86209750773318,25.933617706034692,22.843340280491187,22.978692328827414,34.59854521683527,19.72655496659157,20.04579606801724,Low
35.79702724225364,62.864672330751944,36.01556948259053,30.431044689945658,57.63447896414736,52.94947531843499,37.25074453340653,Medium
72.2978600316768,89.77768552500633,88.32150148822946,42.2783076384491,88.04574873285127,70.36978926934032,89.66118392863856,High
6.069834869778598,26.532299188909807,32.816532441996344,2.101551125960307,26.420358130548184,3.048249309584905,21.07073361338566,Low
52.0437928774935,42.45687295533554,69.26200480683403,34.07065205880764,69.79118301048538,57.24464364746514,35.40695377420698,Medium
78.17022180904694,81.0723922963048,88.32834778357433,37.78410385210037,89.68123428529927,95.88161260394675,90.9412408384717,High
17.10321363104852,18.56985226067683,20.437414455997033,3.471508267582829,8.987718560183922,34.0431826247076,2.5980686995129387,Low
62.42115258602355,62.24338452531535,50.13063296656798,33.208280353640454,66.17368840856419,54.35752568019072,42.80933171118938,Medium
91.54822178284797,97.95253835316134,72.29627117441113,42.09051653868328,94.54648629496997,75.29784619794962,78.37404707401043,High
12.451692486590922,26.57554927504953,17.59047305409899,14.74096826761674,31.2356932537755,7.704891014443637,10.487691602420956,Low
57.14812910323826,56.84768327315176,60.74819679931075,33.589322926143964,48.26645498927507,59.483369780639556,32.906780194389334,Medium
85.13044367221153,83.18469480394697,73.12697349977203,38.94184449809978,87.10114748690967,82.55495426477026,64.46746529391785,High
6.7486576823757645,20.886753749243947,30.72828830285507,8.449864848073092,37.06744155052088,45.86857761988684,23.16377436783765,Low
45.21387706220442,68.16404319548685,53.52494306928201,33.55102103698482,54.37747171269064,63.97899928462418,49.14580272280238,Medium
82.49353815885152,91.94451007204371,79.66706545165772,39.13295465403256,81.6095675983044,80.27749074959677,86.85042092861224,High
18.415012127891185,28.622026730764123,6.472736526917847,22.919535820549683,18.051015589092994,36.000835625126385,5.236096143347126,Low
50.079954065325,35.347389855225394,53.070682159872376,30.847877472543132,49.071268513770676,57.16009825040832,30.230266195591575,Medium
75.34838198762894,76.93719615425617,72.40788989589677,39.808311268767994,76.25474182875928,74.80193166746777,74.07230322115082,High
23.627660027203188,15.081760472037548,29.31593197328943,3.2170066559721686,10.775491809771909,12.019203716676547,0.062117892981983225,Low
45.31989680997988,42.049467297149015,68.17840232863347,34.69437919545934,47.605921722436435,55.43573668546565,58.43935229793384,Medium
80.37791366516494,83.18109969058031,86.89930118540678,43.92965518935312,93.2782443221324,83.34275999506521,67.49349112831945,High
15.392965016902467,3.801267316666424,31.908981982217473,22.971909363116467,11.631642699780045,24.855303172281616,1.6632871326582932,Low
46.31584506718207,55.52977631364183,57.99203914458201,33.418633890370536,48.646974374226694,56.46801988790313,51.18719871712574,Medium
93.17321408802447,73.11937665877056,87.83566617765405,38.63926817884886,99.3403059389889,84.0263941942752,86.70436070705196,High
22.652090840070294,25.939243921456274,9.485575315242633,10.183081933043315,2.737969830069633,22.967595077335524,11.527050340498326,Low
50.498784876569204,48.13634608804602,41.334421738197534,34.976644710170866,68.81445709433274,54.44423201321615,44.15223339448098,Medium
79.70342193449987,87.51501630161461,97.22431015763351,43.3690187641074,84.78781900190873,95.95514766180514,86.04164973672972,High
28.424187540590456,2.5654236006738005,3.8983979204732377,26.696348748438243,33.54531933722444,44.74373153448289,25.66155311172619,Low
54.04373203199869,57.791752288077035,42.944455529319804,34.11692167607116,58.225563987136596,67.73279796876415,59.77566525017069,Medium
83.96170629945243,81.44091237719334,99.37484800217962,40.34049090558491,81.39409440513064,79.4408138458121,98.08737418142255,High
31.45351808461365,5.9924786030879105,13.138423266406326,10.731541450883077,30.291389220950773,8.572324058840769,6.43813732414383,Low
62.89593689295289,52.39126293506656,35.19177006993643,34.49026925058519,66.03706019939878,59.44809032602282,47.3872507555944,Medium
99.24721900266567,83.29490403295347,99.35797538230791,36.52827119315258,84.00381853579651,93.11192837609786,66.36474897948412,High
21.93093345767224,26.403621900766822,25.721891870143207,21.075408799216223,23.300671536532363,15.500286463802986,23.409121358131028,Low
42.995804145401856,69.34330975562801,69.34423097821372,34.734460738211865,42.846473379157665,51.25062175412561,43.48029103797755,Medium
74.20646130434602,77.03259363892055,98.64059936715356,35.301469041695626,79.2994290212183,91.90251265749598,83.77386942643884,High
4.839155434057759,10.011130984335374,12.671717208493513,4.824132170846785,12.797484829376021,49.2599336606455,18.7317621330209,Low
57.0778373773768,62.03684092566999,43.58532292539206,32.825134633050354,51.75547732946134,54.474604852599654,35.3577805032688,Medium
75.86487663216278,94.3445944737198,87.19297266772891,36.592963080203745,96.82555285162579,70.82534587545429,74.31596141539502,High
18.77662477496098,19.72007503305586,24.550389854225482,7.717151286852149,0.8658309930320529,17.052179369445277,2.570284095260357,Low
63.51482233182439,52.955160444081315,50.188131526176164,34.10566851612154,64.35827504953127,58.659271499490934,46.79500243540659,Medium
74.94837222341927,76.14549908972138,96.75260876727958,40.19379989324443,90.07086429928432,72.14665615862172,86.12110054938863,High
11.923791522541437,21.969836499667064,18.557268977316685,3.898641305258701,14.824467440239086,11.547552587878451,13.53789382099788,Low
53.16356668935272,56.79843582164108,37.7730344568747,34.32222804914318,60.381401524155464,68.68894005891013,43.7021274914144,Medium
87.81891514206497,76.23439776701099,84.20550145985248,39.51436449420794,72.38510891010473,80.11903870778883,87.40425539058992,High
6.694090706031867,28.019322061206967,4.931292621952338,24.786713631227865,11.681297132274743,46.24757653114956,12.90796811102233,Low
63.629391228688576,68.43603026639101,52.21363997885395,34.088180906227336,62.98913350783563,64.43465804986985,51.69149642839585,Medium
78.11171664251783,89.4905400008052,77.9674350572121,39.03982372597192,99.58305538287172,79.08639267783214,94.60509788770156,High
4.513177279492229,4.880199197959383,18.9970886942194,22.239065268330652,21.441618399064453,34.38087010642371,13.696046176428688,Low
44.07458944969052,59.72134616575928,61.700753078864324,32.38231962835931,41.69136145984235,61.24341034922108,59.994366917064816,Medium
90.96510832566622,91.76138764637469,88.37677498778746,44.10717703841113,87.64325424760756,86.21176018503067,61.7901739558669,High
26.103542598333284,6.8622258742231,9.455110710160662,9.119468656782104,20.716931815557995,48.00363114654169,26.1981461096649,Low
54.30604506580926,69.17121189399937,45.24298524509486,33.92019078428257,49.16396965640513,51.336595839224714,32.239966948927474,Medium
98.2659512360576,93.30219518233922,83.50256502830992,42.79127177311491,77.01061940837377,83.5135597641907,73.66728303522927,High
6.70200834180984,32.24669089271703,29.7079785544186,22.24516103876717,38.55967873802051,6.843824961978201,5.447501514950791,Low
69.76413212407951,53.96952517442849,66.87361783486078,34.115035664600924,44.7012711582239,54.768014171623314,49.71417782233904,Medium
95.03570216013726,85.7828260892214,76.41681909650478,42.020291333956855,82.58868445445755,98.28197669525463,68.78813141980139,High
19.34421711125946,10.915348647849271,13.606123400608313,28.879504799880888,30.815188119525065,36.89403345104484,20.166243226974537,Low
41.523666713238015,44.10169768116636,63.68451413453989,30.338827214195046,55.80304098085299,60.50646646414514,55.479665031393836,Medium
99.2079897445956,72.9315252039189,71.12022736515155,38.08684393934917,74.52619883651899,81.2284178916927,67.6275355157604,High
30.28234338931182,27.69465887255743,6.003864252404989,21.055577364773136,13.888199137966808,33.19665835701292,8.391055269365323,Low
68.70131113631953,57.15631016022083,45.41207800546951,34.04178956266508,42.70626457439987,64.47845400601771,54.1681711321569,Medium
71.94858497757171,90.57299980696398,84.75184089615922,36.313059832932524,83.90585966596053,73.71935819905563,76.26287285658964,High
7.964569752637013,26.82619486168236,24.60444358479918,7.249488668597255,9.791088664952486,4.171710016735303,21.104411737026492,Low
65.25889032677347,44.646563427103494,60.16599346186292,34.72541075263973,64.88762690766335,52.436244703077755,32.11850716233522,Medium
72.95411413573287,85.45004660671015,85.24397772363015,44.58868193120065,88.22406872393753,78.77712662970578,69.72077988698071,High
16.670090146146187,7.870050551338336,8.74975265786463,11.161035368592621,0.05856838293275324,26.22053978063919,22.502586063051318,Low
65.94381163191011,45.498130627522336,44.39555789981154,34.00612691786892,46.69709966317872,54.01920489002925,40.10352071938067,Medium
87.65264163486856,76.14583698536266,82.82454248229048,44.42628013305141,96.80501808512088,94.9458605069308,74.45740589531498,High
24.819181291261447,33.751507422864584,32.491908188887386,0.085865519203292,2.6211517794011208,28.237839773755415,1.2028482349433722,Low
54.106589935407435,48.52101556661747,40.03873372286383,32.701433857644375,49.20625313672546,59.7852818222793,37.14015697473995,Medium
99.33972284413382,83.39785695131502,93.71362517445216,38.88467528093978,90.34571464867474,82.17325268501477,86.15057832765488,High
11.397211635612631,14.058088334163203,10.476902474622491,19.601022903046793,39.99575870308036,18.171938770956775,18.136744509153136,Low
68.82073319265828,47.595830979442866,55.00352430718979,31.24467457493623,49.69658802020429,61.046632672746924,32.090229908542796,Medium
96.67591636590768,84.01919973968505,76.63656233244335,36.634507693302325,80.9061130591113,98.60932442675912,74.22949807367321,High
31.512184079322587,16.227413239380425,18.465578818814702,17.95488118933556,4.574212414843153,22.772234905777566,15.141112216821826,Low
40.77160235893048,43.083783823759504,51.63706959038046,30.35101576236351,42.00850103011009,56.744683663122714,51.37532696505316,Medium
85.77842866529922,89.10854703287454,95.67430726920024,38.23257854035229,87.72748655970362,95.20431440267681,62.13024977197581,High
23.54784826650675,13.248330610027331,31.42678076062107,7.926664894826823,32.1760215853939,41.63266472346272,16.325278900842896,Low
48.62734888323182,37.29612387230519,60.804274147822355,30.646927778443132,46.99898100463735,69.0133527905614,55.823274684343474,Medium
72.86346919569863,83.44688592903668,81.56031533599779,35.12277251672282,74.94382620536496,72.00345233177144,61.23579408412303,High
24.421056129879876,25.6497600342734,9.627232547923377,18.79064852241426,31.45833622791151,34.491214837080335,12.319314382807162,Low
35.90674667808939,61.75034867079057,69.67964976700526,30.770546501573012,62.61544228652128,57.798701718766516,48.99270999604758,Medium
71.8698880607712,84.36516407621583,84.62555563578913,39.140404170877844,89.00818090334698,78.38981311268087,72.7104179239967,High
32.35270037634692,33.30407517068404,23.640076641672827,8.927053643357874,15.198857797594556,37.93825503165407,23.601996301033623,Low
45.723456286680545,38.045536838135604,52.80337591825373,31.48681531601164,55.10793121159246,62.519429904561235,43.804622730003054,Medium
97.00898487757883,78.26833347234619,71.88964936480254,44.0621242583226,77.07987340552216,80.73276891968425,88.7145005140391,High
32.28713519141941,13.15277765716102,9.681831858681045,13.198923849755841,37.374198997657835,31.03355956808259,0.5353165053950804,Low
52.89367900374052,58.32444988575048,35.04834554097911,34.340310628729284,56.29405802934395,68.61776399057999,40.96140927214812,Medium
94.33381691869172,87.36207626027245,76.59395451732605,37.27412704524927,93.37955755038288,98.35268822154812,81.06205521206067,High
11.717191103781383,30.11692401000252,24.36102737031801,25.526627740105422,19.24017992844383,4.1157528840640385,6.139881052445237,Low
58.63626855788645,52.76090321542311,49.720840958599645,31.68919674913614,53.630574788307314,50.43818815605153,48.93170262165714,Medium
90.46074665948481,83.94666455604585,75.66933417970215,38.4910547142713,74.77844989092027,98.20938834693992,74.33997080950874,High
5.872107184038541,11.671050216312004,6.436226481996249,21.708521553256713,9.438456718462538,12.265358755919554,1.7500838750161896,Low
67.7620440726461,54.75768126645227,51.18794568347606,32.07893944762752,61.659152178522405,56.44512945853772,34.554327038644324,Medium
93.52788993116224,86.32655040342097,93.11795837042396,37.06351532795635,70.65037774898404,74.31017217875325,79.81630017710057,High
9.238433980354127,5.6139922808137595,12.72974690131813,10.459535946292412,26.54185913394084,47.92182802829449,15.372112529741921,Low
53.58500822680539,49.26819214505934,50.37919793240235,31.73423937760505,52.39988151013768,57.0495623630988,31.435010531908134,Medium
86.30909830982847,87.16245090632275,94.3160253462116,41.548078844334604,95.15323409654437,78.78066529923323,66.97119970992604,High
7.421352246677432,29.423867782497545,17.437010417864695,24.862976493244265,16.162475750853282,36.05400462541154,27.679584770373605,Low
65.70837552737584,60.292322484800955,66.61015205090862,31.26183678827462,55.494707143279605,54.90006403996142,55.47639309679531,Medium
76.86862459518345,79.88155522334158,76.37898622039008,40.758325217961634,85.28084243112842,89.52651248244813,88.49191589608954,High
29.547561996739894,11.163057429234149,20.575427576437466,8.699846645712306,31.820961407503816,47.09793609344995,22.9819645417642,Low
40.552958909577555,69.3809657704221,66.64977604996562,34.45265862825557,46.05006145667763,61.62346579165987,49.51805093631161,Medium
95.35537328578033,96.21712670254348,85.94740789982089,37.97899125254191,99.37811718271378,82.45930326970526,65.38267614477347,High
10.718318738955695,18.770325162909668,21.516487410238195,23.899765081568244,35.467110580783164,6.043134965598551,6.938050598185454,Low
67.83720330666956,59.42417945083728,63.77385359888062,33.111039139167886,58.98307670954122,50.81808023834542,54.04728328741581,Medium
72.54835519550731,92.70175785315425,76.4480549128812,43.821455781604044,78.83728611274829,77.50022988372531,67.54689288869166,High
18.974218858760096,34.81047616252044,11.301007008158502,6.2797369489685675,18.195517811573012,17.640143779014412,17.244234548604734,Low
43.611860721696615,61.04302050211962,37.20599492877239,34.5538748905903,43.47072129648086,53.46052721048983,52.05306061442301,Medium
77.54259086694722,86.4823858017737,91.63484597619838,35.40456543712415,99.11813101565906,86.04886724109942,83.43751351602936,High
26.60682148719705,7.383449295594088,23.6450731034221,3.384063742042641,25.341460211250066,30.8085684188389,22.69044722126377,Low
55.32572490247997,53.59529396711066,65.27713001718334,33.38201008498849,48.02945593358072,51.2683641039922,43.73637001190609,Medium
88.62586749607209,97.81495639701299,77.50328320695043,42.64528966269716,84.68899158754789,97.11137469168871,70.51071158440044,High
22.60797109404793,22.407781734179093,31.821529376733125,0.6285936846924611,1.9796763066041123,32.12956426970031,27.713860394073595,Low
55.64395007685303,63.05123030647144,50.14124176228998,31.183345737945785,51.55679111691548,54.31325021498825,49.37696116751589,Medium
85.81370343447621,79.10133631796063,91.35581115306945,41.03886627491869,93.83590007847457,81.73744144878978,82.67481517025917,High
1.84407745318239,32.774376800723886,33.26534869799094,3.3403985308614734,6.463263399475165,47.3905498313279,21.10368681773088,Low
54.124543795232654,54.12150324769081,62.641233231680786,33.75145661207859,69.2437472077948,65.60854724340356,42.090414424641686,Medium
90.94993506373041,73.92015441791132,87.15303286160372,44.23008055012107,73.60960206058121,77.62401711600528,78.39090226748415,High
13.503639743093993,10.082826385890044,29.84411741349077,24.691004966801703,29.893418014667237,18.80354187122611,20.442028479757546,Low
66.86710822463331,37.5321496938689,62.19068483905356,34.662047949548025,46.65764440137194,57.50794825495578,39.78476055218013,Medium
94.54716247477636,77.45990927372682,76.8476464013476,41.75066968568718,96.5962266547399,97.3727926261785,96.68993129805924,High
19.599148894964436,16.894115295635743,22.91186687456627,3.9277993110704292,20.70853428197646,1.8920503288996138,1.4579627508578819,Low
64.10644483172078,52.54197141502064,52.24489719265185,33.13034128747013,59.36713926771453,60.72482461737423,30.250159803395515,Medium
85.12158325812197,80.37839712193656,93.34776427945849,40.07689481758196,84.54797214038862,77.61153836409173,76.61744757907461,High
33.85764913889587,7.44473648273421,1.537275350189859,4.068419196267077,5.948522856903202,19.32408647210682,25.431004665686302,Low
67.61389989762033,51.44111901805009,35.437652558400835,30.04718430497172,62.67325344114214,50.13745112106884,51.38126145969718,Medium
76.9267886133051,73.89927109422615,74.31619755983021,35.647177279657875,70.5965838812788,71.329932645297,66.66552385546782,High
25.47791864316004,17.416007513934307,31.477061393102876,5.433878418292576,38.34435269093552,35.76961998713538,9.618798596224277,Low
44.24751144130048,68.85172199235356,42.46091523116493,31.96925464738376,64.90644790342863,54.40065448513129,59.927703677564544,Medium
94.15351848032797,77.09731927879801,77.97604022823992,41.49728922349347,73.9339490632877,98.45186312907374,96.42880895751523,High
9.157581757108467,18.812363244630067,26.815383595252715,4.056088161001855,6.4669981939207055,12.894046276743554,17.566180203551657,Low
56.94000797389802,60.82632628506978,39.551236630672655,34.59558896815071,41.49505662330959,62.77745980885775,54.54667991688458,Medium
95.29431076628757,74.13399710204652,84.20562140879346,41.524328732864845,76.53398547747962,95.28752136833879,91.7812003764758,High
34.42382705088011,32.959423640617594,0.6665458467199592,17.349236980318693,24.296620055026672,19.48328153673821,18.91137550575642,Low
65.34461880329874,60.830356333938326,59.580158445848504,33.48062371362337,54.62021044653888,55.46035539955581,32.03458991669894,Medium
80.13129499357274,84.46519990631941,98.99683214641712,35.61363115165153,90.76546769632736,81.62113183334618,95.38653083141463,High
12.8033832476309,9.243937351713573,20.361262866659917,10.620623842706095,2.98886101032541,27.126206253129364,9.154969112021845,Low
41.21237252867403,41.02104825081563,35.7087546929697,34.25032991709638,43.21145369194973,57.254240498318765,50.068956395793876,Medium
72.68427023806929,72.15107487818001,94.59586343814554,43.0914782015077,70.22503031498968,95.77329624890648,82.71289438147711,High
14.908570253074501,2.426527724148417,27.679484321615323,5.272359508630094,23.01046405071069,19.117247874615188,10.81381870977321,Low
54.73458347115617,64.85756865393603,52.21864923572255,30.091932301673562,61.42331458391621,69.31577853345487,32.00825427652183,Medium
73.92497674594092,94.1267619979131,78.6979821514974,41.45751446872888,92.59946201912841,93.13980525346169,80.51101393283622,High
26.034847046201953,13.678006646298938,31.907620618541873,24.878602984742212,37.19877242549868,35.76552708835889,28.088568353843044,Low
65.46489204877648,43.20376410929977,56.48172737372169,32.10957770032093,43.2693631272127,69.94275808264725,59.86723975856144,Medium
77.25830336694676,96.46645093029463,94.08680820483764,39.27547950753345,96.60815749744168,83.04819563068203,64.36682174139476,High
25.189494631760372,9.761024296530165,20.61243005902858,2.292599109049618,19.148438372484975,49.70020091630713,1.0357026027342553,Low
42.50886206774898,67.37543274268067,51.73708560906956,31.597984505846995,40.83500151754385,50.98920892133146,52.25264619858146,Medium
73.88077966483755,86.90997313563635,96.46996851254308,43.25018151206014,97.78191080331517,86.11514168218558,67.92694539644077,High
23.86276963125403,21.813985650031498,12.788184973904054,0.026839985563619218,36.904469141557016,30.803040749831297,3.8506857415066342,Low
40.023852163503044,64.223238170687,37.45748360108338,33.77853446828249,51.456373492593485,67.79276924968066,36.8393955655691,Medium
91.60377778931124,94.8020811715432,99.30659631732662,42.89163607786349,88.91097662096433,86.59713278914037,81.91291735823341,High
15.259772059877168,30.429070981748268,19.95871443125914,20.453537942280104,17.436520396853727,23.455871273011304,6.938316821602272,Low
61.533309254210245,62.89607423641043,44.89946255859443,33.10461185990948,69.66791768091991,59.67775443499444,33.269653437211275,Medium
72.837759304204,74.35801426544786,97.03961541457218,41.0094778465361,97.51917612621362,77.83242739029248,75.04320057184431,High
10.951548511166793,34.440445598549864,29.34816458124064,18.657199653100545,23.68455897501933,31.190038077712888,9.378409634659878,Low
63.176007294050024,43.72976577565082,37.55980318130196,32.84074821604144,68.0508634018534,57.31858875418295,39.546701575074906,Medium
78.19120359813039,73.81254392211672,72.28169312037888,43.8190260062041,81.96101016873128,76.85458521421666,70.91274547781092,High
13.874342619868681,4.78983398966047,10.798736572061468,4.811827623225815,25.756818554679846,46.64809121933274,6.888794804249413,Low
59.99061043271259,67.3410800684415,51.59739464351514,30.431263969358422,43.330192733532634,58.48230355126074,38.917242141015066,Medium
73.2840671134608,96.65782724886745,89.07093652245666,42.0928716163,76.55444406793397,90.98532182847461,98.13281630347507,High
31.890207129448612,26.973861491477898,12.565395164584139,20.61213762774498,35.99033456514459,29.63441743987118,16.175585289991577,Low
46.824067562129756,56.20939788860818,43.45254983914546,32.98853448807795,40.99022581645319,54.098554857985455,54.47562392590923,Medium
92.90167235341148,74.80819914638185,77.2275708478019,43.39836301468171,76.1579408706087,96.890845698933,61.2301418356022,High
24.172508481957504,16.193566764061178,1.6468005367053573,0.5559280668261246,4.615884182306367,23.851046132423694,14.599988863539647,Low
44.24036215289454,42.88497550984472,38.30659918253024,30.095035122678482,69.23826992019687,67.78538241924412,55.514959552614116,Medium
78.79463991964705,76.68570361285286,94.9023616501307,39.64748636540469,90.20592067844737,72.40608861513178,97.75506427979688,High
10.347814441947262,27.480262289805808,33.57786082086217,6.670433504215899,25.02151766526772,49.27513875562589,4.766202389772456,Low
45.55036434946893,44.56323490073302,36.32994105344793,34.09145083842472,45.165461564437,57.003363759157914,59.632747738774555,Medium
88.22235960065987,78.89559746669227,95.76819676539372,41.950358862351194,87.66569735744862,80.69502120920282,62.562806129098114,High
5.963040100737603,19.025757393564422,19.010959637108417,21.00229192748118,18.83101979646146,34.33617312210841,20.840144302904573,Low
39.293509273365125,52.97812665829936,42.955979326838936,31.221358351841,61.82167551554833,62.79496796626075,40.49412076862415,Medium
86.19223454893628,88.98953536126837,76.14462194818941,40.46467994342195,85.48489001975331,95.14261600870395,85.84141562476172,High
18.882279356561856,2.3279355290584154,0.09624025629543509,15.570067175947052,31.58439813887432,20.70582119734643,4.833123578936368,Low
58.09138929988495,43.68423118100856,49.136008458516315,33.31674563540363,51.07365885734626,50.944544655718396,38.31660382848923,Medium
85.4458927087867,79.99348819976507,84.0359028734249,39.763301318487024,78.14041897794424,99.26813425948953,89.31196919842816,High
5.390660360615779,4.877403759210161,2.9063043244649602,13.190590532160341,20.838395079208002,11.217122236915584,10.02950737146464,Low
38.15443249454356,69.05106432710326,52.350181245382295,34.1182328655856,40.90746212143941,58.423176937190554,42.28402392479096,Medium
73.05792334898372,79.21173464101132,82.03938492322699,36.9681869305596,83.82162414509503,78.59380773534026,68.1097282844324,High
27.352712415128764,6.61550985341867,25.420045870551505,0.2957932752501191,36.4993720558192,5.351527181494947,28.381257454335234,Low
40.9364638479356,60.886921281128814,53.53048515355158,32.20171868479792,58.16478899013872,52.63327874085641,59.18406958968764,Medium
70.31924262326926,88.12591548461404,92.33250397435481,42.22164138018508,88.97668484355489,77.78086109598065,79.26110172558377,High
10.872244564414434,30.227750935992578,16.168177264154934,12.391949827594953,36.15906178836606,36.12017645107436,13.093398003668609,Low
46.779198576811616,61.83061956711481,41.997126561886695,34.46027128706728,69.510994067891,54.45493463145121,56.79633372881338,Medium
84.52277875549827,79.51124355798831,74.25172993295648,42.91491187859838,96.62887965623972,80.48460856575402,82.15424058519868,High
14.207815025746848,5.348433547509527,22.044286699391996,16.675598192831746,30.866305082525475,41.32472471678953,26.778248193644586,Low
46.58081092307421,55.587540335203606,36.766521670563975,33.916765719903744,55.33386361722177,53.44045545275744,50.50851638097092,Medium
97.62948311490229,74.01311813350753,75.94488486531141,40.696055782033085,77.81201077253974,88.86265377336996,69.20081776476962,High
34.824471445942734,12.460350285832337,31.32150579604903,6.174057673884761,20.412604674276224,44.71077349677085,27.719773751134117,Low
35.20444403797772,53.48307013116879,46.663454908831135,33.867433678285096,68.20498827067294,59.69558711885145,30.84578878508454,Medium
72.2380357423065,98.36598530587224,75.21773650750147,35.587817003787755,88.64238450759586,88.79274168610797,64.93085265501232,High
3.46263945587082,29.03443451448876,27.851116565679447,14.067314403198825,32.29518317985222,49.423533989164426,24.034061717576353,Low
49.493665759331776,41.28417375986156,63.260641708330354,32.20855302486517,51.36801290630004,59.89909288331238,58.77602226601344,Medium
93.21007687630657,70.45256161598388,75.00485571691894,44.07297652042912,71.18953703805411,83.93995771367801,90.89901793041713,High
25.780874631584837,32.85161882850229,34.933089692735486,16.686056229813413,27.203929927238228,19.981943601180983,18.5451743991445,Low
39.8583745557883,45.05568558211949,36.85839414381197,31.07078611048292,68.42990720458347,61.13352994104835,44.73428520128419,Medium
86.43087509605647,82.86991672225331,75.99100801333024,39.423070458303,97.97602650839414,77.78919563222343,98.15834523098128,High
26.158548499601274,15.562480111980365,15.273284894693667,3.277975158289647,13.590648090553197,17.333935662090035,8.071746845995605,Low
46.645446860007155,56.64811669185211,41.22241280349336,34.07619720146758,41.07854835013245,51.95301511768086,36.01662571493128,Medium
91.7582220169282,72.54533793508664,80.82856685081157,40.93178752384257,99.40321144646164,98.73876482958607,80.79449434228891,High
21.66567309060972,32.578511737980705,18.59064194027648,1.3898440158386027,32.69112484690008,42.57539375153907,10.984451074641655,Low
40.21557230316662,40.29861731662547,55.047307461259145,34.6308403181552,61.29970192265418,54.488828114587704,44.04821261445894,Medium
87.11500984883486,93.49501772781164,96.68398051578089,37.65838733463563,93.22696494697871,76.96887885250408,85.45809263529935,High
31.334357871894127,26.48884293676492,4.887754902684355,17.98682748352419,15.709049311476555,9.56903420570569,10.952445301256558,Low
58.42606636442219,37.946757690464146,38.65448155472225,34.14021785637764,43.756361009684426,63.046228200219794,52.70476811802729,Medium
99.99985289578385,82.5251658483917,88.61856663049285,39.50233326857102,70.20436594798511,72.31950190200939,90.84775856099026,High
20.855626737608834,13.081348944854739,3.14579362520204,15.799127699737443,26.893495367941746,8.202451449777321,3.2122304008613654,Low
39.12474805595612,63.532165006067146,63.673749392367945,30.778193656539205,53.09472637156451,61.90267365832525,37.22690907955126,Medium
97.46296269501728,82.09442207457332,91.24210878538096,43.825029236817464,73.60946387989658,87.85942445867386,85.77554358411096,High
21.390212687053932,7.3644339827016765,22.486700517950798,10.243060502239093,33.59883934911462,33.582897753361024,24.623680914119763,Low
61.58461363538427,37.8994410719158,47.27179119096223,30.013806087368398,40.453201647936474,58.3588558307509,34.56417194016047,Medium
96.0066134357731,88.77903084179131,70.20078678928337,35.11538975063997,80.19996346835929,97.80804139314216,97.10167361503537,High
8.837335782185917,2.1049593378817084,20.99101275494147,9.42490364812806,14.51936253741389,25.81045625859189,26.305845318828894,Low
36.443570889284736,55.19481771758734,39.084519347299825,34.84258483960451,50.95038726890435,53.472455869901985,51.087092612218335,Medium
71.71839578626226,91.74196751789583,81.69844042281505,40.18754601857012,73.72566740771437,74.75145186598525,94.02263029821566,High
34.39295688142832,2.117175535861274,18.225157391777255,23.58107820952669,9.687868672642722,2.087678986129787,22.503152929292952,Low
64.58662122600029,64.560777654252,61.329990164847814,33.173585720856344,43.61250285119331,57.62910168773652,53.25500328683558,Medium
75.34442532245635,85.46565665019922,96.95405825712169,35.79961023675022,91.40824173878424,99.00921206582592,84.8683458551427,High
21.768973129122088,11.167115209980487,9.647681223230995,6.736266738300625,20.420682368227304,17.718488589943732,27.47352646613858,Low
39.90271761377507,68.63713732737625,66.96585220129325,32.51025380753974,68.31924122260624,61.58650082833766,32.83729982666412,Medium
88.0175679974054,79.46162141975465,83.69319391830493,38.186543139593404,94.86147812880809,81.77074349048513,63.385371515825064,High
11.274640413899865,27.539598759274927,6.585494897802813,14.642266392502606,8.100364186876533,44.77015898811638,14.763036664979802,Low
39.44429882163074,38.0335084243435,43.806659089383395,31.7548903389658,52.291741294460564,56.29417744271902,41.06164929487589,Medium
80.06158325685878,77.78368198494982,78.55626474138555,40.670191918493515,91.25078489496568,88.3453671353806,83.14763242266605,High
31.263387706912816,8.84121767721874,17.402026597077036,15.806450681115505,20.210074136730036,8.12146871265052,26.727307244759313,Low
67.07495468095658,49.51420545029916,51.2467720937006,30.42509373256928,49.83579520482536,61.87320040300945,41.371695157041216,Medium
96.58466515219538,98.50305473949523,99.32279001413735,41.38878546048039,88.48420238435699,85.89085740966553,90.79797966664427,High
32.3005711495507,26.300124351821058,0.9034573095473297,3.74975948181258,27.726604614239236,38.75335864791097,18.076055154351256,Low
37.95045209121033,42.07447514161118,66.98404176299738,32.50506219941056,50.720781413163664,65.16382197876597,54.25953639924863,Medium
85.30245246181573,80.51809542463164,75.24926501396786,41.287442571880646,87.4720195271105,75.34707961786012,61.404898639839274,High
24.929819553246585,3.923317879822884,9.087531200830835,18.600221339004833,25.656959176332066,22.072673155108646,22.324607400185304,Low
67.86037241693731,47.23460864285819,46.53195010577741,31.84511580206627,57.386455982400406,58.56650647439493,59.41627530071489,Medium
78.64161475057594,83.86229673481557,82.6368942703887,37.78368085471229,74.72934247672838,83.2451181127053,83.85348339727253,High
29.929902827089073,30.28929992610964,16.32296365238683,25.35983398681403,28.18452879478997,11.451580017306206,16.70420433193973,Low
43.73751634767038,64.16858018362376,45.97613196178973,30.55687403691387,61.65518252651505,56.41904362614062,49.002834108738725,Medium
91.50679483673467,91.58461891532153,80.1582879055023,43.56496873033575,97.015893914251,82.48528097739256,73.92411183648579,High
23.418311102814982,6.078083234449316,34.33578697270279,11.245529800892347,10.144646088485825,33.48970450231696,3.016655214219864,Low
40.82767277988906,41.49736222634578,40.07769730076134,31.19617970244993,62.98863269104281,53.923351787778145,47.6464037959813,Medium
97.75424987375243,84.89684945288484,86.59536735383918,36.9120856430038,76.06755398805012,85.40213403683296,98.91922806406937,High
5.187363426284476,16.277718520560033,24.1290959091398,19.520471499722788,9.915485295195655,18.87244857553504,1.737948650167489,Low
45.32736760381639,50.91130977153685,61.30809614756284,34.97502738885915,65.83617839346626,63.453900268356826,31.05183245780706,Medium
85.89987421613766,95.78172986509375,87.0479204390035,42.921199111233925,92.8385296466238,74.51689103833343,60.67897858271545,High
14.915248969931078,27.424458646865386,19.956004668353447,21.919761065640554,37.565795924057106,12.677161812467098,8.852833389631092,Low
39.84873341382041,49.683005397376604,46.96714507809051,31.729359316749434,53.25828183827253,59.08985559594583,44.80641968308156,Medium
89.35120641006867,89.6609560480272,82.53393293882263,36.53507494394891,75.52913791839268,75.81378218439683,81.26749921400638,High
1.1841635382284137,18.198471392371797,24.31256030242314,21.122448938775584,15.45753272424073,45.98068739121798,17.208233990175955,Low
53.18594803061522,37.05499981876193,43.67109426156,31.66848341466823,48.41272497988743,51.73201886240787,35.74400789124318,Medium
79.49666844688069,91.60502008735737,86.88172524620306,43.08977768160766,90.04608850481509,75.34898613049366,67.84358016373903,High
2.2914491060146536,30.861843219483344,10.157587712785451,27.510599777244632,35.68874799529547,35.261502727422624,24.014787131527303,Low
53.44649097988763,41.193852693978656,44.12955804284287,33.32319879626596,43.50833661463127,59.01210975927631,58.945775665226336,Medium
74.08136436264854,73.70295543468116,88.72599304003757,36.608579199694034,94.53415504963701,80.10548939918968,75.647943722891,High
2.9716898129374734,4.494949977711975,19.31833349023079,19.494000235262142,30.26292967747633,21.723369844740493,16.08298980443748,Low
49.68012844705834,55.04347801609658,50.56594294503628,32.726119051508334,66.50156259592538,58.59994230083497,56.436501541021784,Medium
71.22036509317543,99.51333485885334,75.22511602792024,36.6310143507805,99.30307183745603,72.04613444669829,78.99126073533962,High
10.910260702138846,2.349385632384167,20.328052518252644,17.771542458387877,12.601566949029884,36.705186773807625,21.899299712714964,Low
61.726933561001964,47.50538036962166,55.26528684098103,32.612386325167144,65.8122076046916,53.185998944861694,54.334727897050314,Medium
77.93503492096187,98.28246087983426,85.86018377464214,37.9303515456583,99.2891988060851,88.13009607820666,61.605358768269014,High
19.772407163550092,29.41812901570772,32.392721596080214,29.14967252976478,24.490865914696265,33.47643016759262,20.22034797305687,Low
50.01642046695096,60.15115326353822,38.34485828666196,32.930559891698095,43.29997267359475,59.05457183733507,38.551380732075785,Medium
75.93137158102597,99.7093025095988,92.5270704396628,38.63220750308495,96.91555471601654,71.2823943045744,62.14891805349274,High
11.837467799726406,3.464150387680715,16.166225377287173,27.65080597060591,5.942157384492703,15.814386107884076,25.055319198600486,Low
49.351142722594155,69.81086759348767,68.97131869577032,31.50507091173871,59.71966661875739,56.88746928058959,47.5241520961835,Medium
81.65299752176182,91.9890426057928,80.27051473486956,35.69704568912088,81.26869797405546,97.68089160105364,95.79641543257804,High
10.657274380695945,8.563477060890458,11.505052294764727,14.132359172940646,29.192731510211466,46.987829826356325,29.51377741861196,Low
53.935992029607604,55.86903044771429,67.24141990151904,33.75207285679792,46.76616263483868,54.38778255069123,39.95685831548757,Medium
74.01209519121414,95.83166511330126,91.27783603626817,37.48925896265468,78.55982383317047,84.1262149066709,67.59209643166314,High
13.80928375695183,3.2006424586750533,18.395183439432675,8.912737800132213,25.617325821676232,3.512474913076619,21.392028642893095,Low
68.91409187246515,43.837151337349304,36.40199700686042,32.68168541887737,44.44651296796319,61.0036428959376,44.98119642385338,Medium
80.49679605220882,93.90589771642492,73.63459580528664,39.34302063054745,79.21400545500362,94.94276478628069,89.534581882588,High
0.06599423095581702,27.347185556474514,13.383262597147855,4.017819785314906,27.535709530023254,27.737620549034514,8.094149466885206,Low
55.252897983929905,54.7365012441274,35.537665730578084,33.52252930928489,43.08106117731109,57.370985061204976,51.43464924591529,Medium
77.30437439258816,97.3774338137876,79.24462986688526,40.45769999323933,82.1411610489549,81.69382164988721,72.75822840980517,High
26.54866779473536,11.217994908833534,4.887557098110549,13.145140666800408,13.553842345608192,32.34290602834908,18.721727297444748,Low
52.3197862587284,39.393913802495476,39.93152580728272,31.11043253110146,52.20136320449319,50.50340808271494,46.514733167099436,Medium
75.14584084311507,81.43901785332845,72.34812201530522,38.55315599280433,72.34737011288456,91.35355333129877,88.32891236684955,High
1.3421534283446985,9.44114232995556,10.669230806631733,29.229592203435008,14.433820618455329,29.435331597922648,4.017053246923158,Low
68.99354278630895,57.32448835173763,45.22609901661768,32.31020449127012,53.65330878063395,56.59074049189727,33.63527811684648,Medium
95.30078594163608,70.84866644066443,97.31978565276836,40.79833453615999,87.51739639437011,84.47243120192995,77.27949993782725,High
18.54462516180227,16.446993643227167,29.55107926167066,20.17843882633701,4.236361977968244,47.12878644646706,20.65950541270562,Low
53.863097314462394,67.87552976968594,66.47834375100449,30.624300576247578,58.28071383989889,59.98353666418913,39.78993234539498,Medium
81.31880389870798,71.96273420542684,70.80277949588881,43.96937267690909,95.72812972673225,81.85732951920778,60.133607298473784,High
31.995853246788386,14.90299351658637,14.739923026381113,13.44613682796522,11.058811436055379,18.415814528630133,13.94828543068591,Low
46.263704510946624,52.875649278925565,47.78516995109688,31.05726642417726,46.22654030213086,58.37667591388358,53.78981073206654,Medium
95.47295207686095,96.26613330528966,86.30511277821779,39.441617545892,83.09728874512876,79.61065228398475,72.20906496609881,High
17.369003839420543,19.29273413492532,23.68126807375402,25.888650042888372,7.5083708601943755,0.5545289894380301,14.446368892431995,Low
44.978637351417,47.531628680152444,48.11920298238219,30.54854787853217,62.1098507544054,54.04312137277516,31.45797688825249,Medium
96.7982349489644,98.76024694062255,91.70326518763005,42.79226983589366,99.39507124777766,84.25175493917104,96.59638689929136,High
18.34137514529109,2.6077110471500404,5.711301620217054,21.32594031112299,24.39157744420796,11.406466189555559,20.188962371092742,Low
42.16473061282552,41.657264641564105,65.18737406369107,34.65845689528536,54.23291950024973,54.48930023238592,40.85940308959347,Medium
84.60898467653062,85.46268449539599,89.80838231471591,36.88263360226552,81.69656985724458,89.20395964590946,66.13506464345483,High
22.47214326643639,6.843211428944898,5.954104198660876,21.650931655356256,17.782064225627046,35.41302433064565,7.0460837917882415,Low
61.06313354915134,47.42399956421001,35.732640660394296,30.22552885042498,41.159438765316644,52.50173363051383,55.27694657354144,Medium
93.67755057019806,80.41307949016142,77.172585607328,36.007517622189255,92.78836419027061,94.55442299406366,70.9996504233797,High
27.620530174185145,6.767328214213185,3.9627949631586152,18.451842371587965,33.08467965071138,29.367750472631243,23.39079514565231,Low
65.3492363882147,44.20096253100792,64.46990816796111,31.832437221401026,64.14418033411845,69.30991313955785,31.84812243248994,Medium
71.16617631420615,87.05194478821123,98.57331694140657,35.53702523765355,77.9706807780084,97.00683233246158,86.59621871025392,High
0.9647214462994519,23.503564873484777,16.76432089315505,25.922353628377216,14.996663103417456,16.94632202265769,1.8732859174220384,Low
63.86121113767638,39.3791532106958,52.66206566224295,33.91096206280938,51.66778501285286,63.390753379307284,41.1689454126568,Medium
79.01335314730927,83.62511485935622,73.01182945580467,37.8309764092745,76.02364750102515,70.28710835987516,72.96018266618617,High
19.974960411594026,8.211195752532998,14.3330099981408,29.711733359782126,34.3689392437054,31.796490254131115,5.0908748215552855,Low
51.90332862072685,54.19743709338631,49.207847870166134,31.06318118589996,45.28752072135809,64.06570112764747,47.20093378589765,Medium
96.86001099329675,77.09029472543024,85.87220243016232,37.78267391153062,89.16945692706699,71.43432750635223,93.56601627895857,High
24.81156325806103,31.43687305693878,15.493644112034398,3.2125528927381453,33.94533210416269,32.96510864499341,18.43515162894254,Low
45.52900142147199,48.957956509248824,53.616091926511906,33.57498748659443,63.071451326838634,60.08840197603896,47.375898340382975,Medium
93.07846537179688,87.33247841629267,78.56930256294908,39.32600556961199,73.33012186688967,99.01849410986418,75.90152216021087,High
31.558807731496564,32.079048760336846,0.8481839750328168,23.504114427247742,22.678355371176075,26.60209023624483,3.6861993501129975,Low
67.09724876470247,58.489427392736616,63.41996877580675,33.76659048454839,67.2707045505928,67.14152443309655,45.0503560134879,Medium
82.20083844875828,88.10878734428573,87.30161880703812,37.81256284127243,78.47604118658147,83.85044204004195,76.42187710780884,High
19.745801213593847,30.2818470423174,2.10491406739654,16.468733259660947,8.745889320368128,35.667763768702514,29.072647712683526,Low
55.40692567520321,49.821171144726804,47.706638597322694,30.83925724301166,41.060650052259916,63.56324142525112,48.38199148468955,Medium
81.32069596922433,97.71317948018114,75.6632807705371,40.39191808652262,93.19225498364638,92.36411061593722,78.99399921906092,High
5.693272105993953,0.17425698654226995,31.49745189370176,18.49394315746919,5.282471518541576,20.211610737027048,29.9849457553739,Low
53.25821668569537,44.32383782880309,69.34700101406841,30.42217511189082,66.98506761031912,56.56079267889134,52.96355013773617,Medium
86.88984074044822,88.68953044785138,90.90351475653662,41.36141342043122,83.9820120820806,72.55200627215675,78.16616533622833,High
9.984202531821923,6.995482853232907,25.154262229584333,13.829805982818268,1.1433302911878451,6.186805245584848,9.840543442353077,Low
65.82820569052765,67.94103509442482,35.31308219351112,30.166455548451818,45.0483860275524,56.90717371258556,36.973132862326466,Medium
95.9960927977006,83.39001082541543,73.8464716691929,38.1525700850145,95.3424003942001,98.46526947138541,72.11631559317641,High
22.370700785330207,15.829295464522826,26.40491308584469,11.679169616452542,34.03038143555005,8.85946297065704,15.383931764790734,Low
58.431291050990204,66.91820859445922,66.9285108466178,31.640271687683338,43.21958468508022,67.92882452484268,40.72849191049121,Medium
87.25564345595238,79.19343959534851,90.96264794698075,44.88103615647772,96.42791438258925,98.62557585560664,61.423031696463,High
26.571955962606722,27.772058056045964,20.160261797874078,11.372447552531268,31.130577117985005,35.874733964721436,15.840978643446174,Low
52.18820483001543,56.23218016239798,45.74831214771764,32.26211868440427,48.279252902353974,69.76173794771925,32.25272549370893,Medium
74.47316287576082,75.5821177655469,97.15386645438402,44.41852055719965,97.7158008613707,77.68076342107965,98.75677396316495,High
19.181456442849907,20.990862109501105,30.065895362782175,12.839109658612166,27.8066238050134,48.06812675754589,11.250812964320366,Low
39.8072039094128,42.23926282241837,41.36124524741281,30.171052024754246,47.639831791212536,67.03575849485588,50.73725729289642,Medium
82.90262341949168,78.17369280177796,83.73829084130625,41.420519536164186,99.82815185583055,99.41435722957974,90.0223394219949,High
6.821683011293617,23.953768765472923,13.91776886064938,10.567231169217134,33.10552833474293,21.73259301960816,13.447750899926,Low
56.422144561553075,56.537393331875606,45.90679878439036,33.544039532278234,62.136393456484704,58.4010190596953,34.26108796660684,Medium
96.16592209445687,79.3584964506663,80.07750600222118,43.21644918313032,99.48553073184411,73.1266285871093,81.06329544088395,High
12.093846817316406,29.94142415331491,0.4643574771476683,1.9952686296833777,38.76449712941153,47.23171215348613,8.74432783148482,Low
35.62472409887076,62.34447992987959,69.88593603633743,32.97910785416925,40.294215651944135,56.133004142212506,39.01635206785299,Medium
95.55370903706876,96.80403159845716,70.97286403874872,36.38891980697191,86.72707336986363,80.45368727784908,69.37815920072957,High
1.7123181841220774,31.47180570274336,14.792101792198594,20.542941762466658,14.446258686873023,47.57884378647827,11.316515741333822,Low
57.19765570009957,38.81238793616702,65.61351482953526,31.740372646144323,47.97094397142337,55.90481545695114,49.92488445324231,Medium
85.94131068701209,76.39033272314397,88.14922190428615,39.0160546800727,78.62379808118607,88.94772904398226,69.96094883056816,High
3.6633144446826558,9.034667482339682,33.37322936456423,17.545916227816253,6.817025973738269,5.552233624870401,13.167487353969836,Low
56.47786430905569,35.853108000014366,37.08038685749956,34.29394736726355,66.77317261730222,59.89546880717745,51.799708074308455,Medium
75.30856609130399,71.65465784380908,81.02829352770311,42.773728357834926,94.80425457669506,90.97904266149054,67.98885533169343,High
28.93841311935406,34.86652983030799,25.206567528645365,13.688953906518753,23.792532623938488,0.7306737778393135,2.1018480074297754,Low
57.17883693805301,57.12607258060823,42.62622321808978,31.06609866404896,52.295755698686825,69.84253331958716,37.411428626493205,Medium
97.03155783747653,72.07237180052987,78.23823067547113,40.0624287895986,74.35489906684768,92.34996724506522,64.34200502046863,High
24.200593590730165,22.522423284020967,1.1994404230671067,10.605142440905977,27.085189070337,7.4445676452165435,28.012795965012383,Low
65.93014167210659,39.29001457048105,40.27980323723955,30.888132586847533,67.68874428600037,65.38777211049619,45.17849398957132,Medium
82.4919294860613,70.86738951971007,77.19513996213361,42.22357148023431,77.46935159538987,90.41224685413914,81.66355709391834,High
32.66892715088182,8.636053765622863,8.784236450334927,24.948913802156216,16.99424209335468,42.63548045185737,5.843059337481421,Low
44.13433902950363,56.01382625745467,38.12719525496601,32.89117460010101,42.29937899004639,54.00670596572168,44.50642910003657,Medium
93.71977711755488,96.10215976012708,94.89531691485529,38.97196052533507,88.7317762892678,95.7459240195956,86.10551702266474,High
10.779322411225598,13.471166984802169,19.146953263395524,9.738505691308838,11.369889316752628,48.862538437899325,3.0084073500674426,Low
62.36803113521057,53.69240942610453,48.818209900286504,31.48566914462361,48.79620001829001,64.46513231471405,40.15005090388425,Medium
71.2309017383816,98.30701319569113,73.10176653843986,35.00932417842817,82.04873120088067,92.46533171875839,90.2634837379203,High
11.298093489729922,20.41919729005012,15.077340873719145,28.0831668805263,38.7543728452748,29.458200385255438,13.868180540176686,Low
64.26683860979945,69.8072419715449,49.06048255359556,31.281698202515226,41.20442069313963,69.44744739932074,53.8633195258918,Medium
99.22312206564891,84.08379956923649,74.42914690191078,37.489818130310304,95.45676957325927,80.92173403972848,86.58644555094423,High
21.48579759737475,11.518704854802449,11.510083089018204,29.46741171788896,8.050736338559954,1.2404603476811493,25.62536044883826,Low
63.251036855668374,49.4702726663704,65.18044688114898,30.212681845671458,51.55538056631631,53.632801043430234,33.71450893423045,Medium
72.25764970133338,72.92964783044542,77.68878908613232,42.9116726109386,87.59766182171653,96.8612147276869,70.65004396487512,High
14.933371634674645,28.27355247258694,4.3755510904138815,11.485417899072408,4.4833800833005455,26.117635268289067,11.412842431443936,Low
51.252356104369774,55.19501812214945,59.858425831926766,32.17815343868704,68.62133395946216,65.44601157883913,38.788337105589996,Medium
73.06478378738166,73.6937514163165,82.2940595946897,43.97829244533772,89.84935692274408,89.99364138891563,92.15786583483778,High
16.842330941570314,4.846919828332766,23.79989414247315,11.095350990898483,11.571363196291596,3.3083509698731306,22.39380788723157,Low
59.135319935195554,57.68457765374389,50.21711854054118,30.047973900298054,42.99093293265916,67.76699196283302,48.16509606769337,Medium
95.32479387761465,98.28023420227824,77.7916281798043,38.52596308396617,86.50004607149826,98.8389258335768,75.64997673048427,High
18.805463994366743,22.901217010309125,32.979358695788825,24.49715761741228,24.487926015995328,34.90491288664926,10.9022441389228,Low
58.36411503690741,37.095781280558676,53.37284107745941,30.764058141445865,48.60211963687651,50.5898030944302,47.97535382214718,Medium
94.42444746740091,73.46650710210109,71.50974884940986,40.7039737352567,95.9434266371149,74.19556069608633,77.02901857394089,High
2.335881404644521,33.32995288168586,18.166164017546702,21.036401562164077,20.08101336455614,30.813654781276963,6.202079377525149,Low
64.85019290167506,41.94291882977029,45.12938480555494,33.32803529112176,52.785536267728844,60.64696633774006,56.303104708568945,Medium
99.32414295305145,72.70884918603531,77.04709138669838,38.065817846465755,86.5280521887652,89.17505571498805,98.98388733802099,High
0.8674748376995112,31.244526247694488,14.29879415455256,25.39376147035586,20.405707085652306,10.880405863959142,0.09053441438188425,Low
63.09218600290079,41.345845033773855,47.4454960454132,30.701015046144178,69.74681691186855,63.46686287680839,30.59313121696652,Medium
91.81796921408025,89.69241943703493,91.28286367462412,36.99495351635021,84.28283988117201,89.85818361886075,86.06665418712174,High
16.94362785214212,7.63274706642483,26.510009662946732,13.380412708269162,19.15633146013207,25.607945689757507,4.124405368325642,Low
45.722985412473875,56.62670638201527,66.81461283794661,31.143268989693897,44.57003363519951,53.761241585227914,48.62398160793987,Medium
95.46434824683895,86.965535499568,98.03702012558588,36.083150639335884,87.40710561799588,77.00543669132283,95.3037261005752,High
10.163003418976567,22.17564865692788,28.353512157346227,8.452954828299228,33.483502010343955,15.590164143455294,15.77862524591422,Low
50.15184324359214,51.311717506043664,48.29437572913983,32.5496802488411,49.25927688509475,60.06186226973449,57.840967615995766,Medium
82.04448987039892,71.1495123592837,93.82619409585931,39.480556883674105,99.39028776610995,74.87937249422605,76.2230528419573,High
34.41861006869063,24.081009782170174,21.298807989399233,25.30842919254289,25.988732334205544,23.986939074385884,28.374990875213573,Low
35.89650507153041,49.41716294161245,50.13533428306958,32.165401660447415,62.46151879740254,68.23901207036177,52.615653204542824,Medium
84.01215907309545,78.21128916343625,96.73415249748196,40.69202276612825,96.64246779703849,92.43861114046504,93.40511208001564,High
14.799003103407587,30.45614658580284,13.133979375826488,2.9307425999667824,12.835841463458362,11.099735894187052,19.134431084841896,Low
59.688814920714236,60.64104030703015,46.3173293876884,31.25965820847804,66.8803341569327,69.83205669527499,34.878144952846746,Medium
89.68302251396261,90.2755557002724,71.39062590132846,43.74407898018735,82.56864184304582,86.72872107512191,83.5514773744525,High
34.114979647208735,29.709309063871146,7.033031184513149,11.077931526057666,0.6530977495063661,29.945314124900857,1.1773117240364672,Low
51.34816859474958,62.70413866275431,51.00290361288279,30.30010584392928,43.890920321606124,62.38592500059323,42.248615256728264,Medium
76.89706090194305,83.64749690349686,92.25848766114427,44.14633634601222,79.30104914866214,76.14678623930212,82.19896312343829,High
14.553402165266274,1.7721391931833947,34.232795700538524,29.432675497799494,9.906191842114929,5.813858464101912,4.985977580066361,Low
42.63835749229643,41.107812533805,48.75864996052056,33.3297360800169,50.45101555957903,69.1979580902317,50.4640338438493,Medium
92.39249996579686,71.10976491171344,90.41242056732519,39.30862864048614,72.615197111875,81.12366252253669,82.0331639265033,High
32.82360191639725,2.526772456393452,18.854633416023212,27.517499926128647,13.944763192173886,19.244491595418577,23.72017888799729,Low
55.81141885556995,48.01399288366669,68.00882130255528,30.532449528311638,55.821778007566806,66.98263209300774,51.84224057235794,Medium
76.76165671104391,90.46743445679193,98.72683904830842,42.06082826530723,73.99645945918294,94.31770419218819,69.49989353903324,High
31.335941483962934,19.755896305015078,2.9979547986081263,13.329615196689822,17.314462295468857,35.80525534208553,29.028367717125235,Low
69.44009680422457,37.68940593508117,49.68783654198545,32.269331856382294,41.764024393342645,52.480144984621276,50.35638602747728,Medium
88.20655624994507,91.54909934167786,96.25553269765112,40.470139095789605,70.54609487581453,73.69321043540715,66.59704475242124,High
10.648723731998482,30.350307401700967,10.067420453355146,29.915555226121928,16.06658074761238,26.29532118895724,14.902023828941411,Low
43.50959087727618,39.30490227153838,38.315455587921086,32.1448242068455,58.51430130913404,51.51777458242637,40.605592181604585,Medium
70.35907260843541,95.12286299057575,74.87143892805456,39.90799733955084,99.94698397060498,74.34105755301186,70.67905028026684,High
25.634324190898443,25.972197805126928,24.84913930043695,2.8876994987556106,19.467378126573763,11.38656794045907,13.689675067817324,Low
65.99674747711506,48.43919228793993,58.76712733465942,33.751051488875675,59.28509362596489,60.413645707887824,45.40487676161812,Medium
87.19729612325345,70.97922012394808,90.8874463738808,35.93104073540669,94.45919448284383,80.47377540719381,73.2198852951646,High
1.8541089262890975,12.597991790099416,6.863362993199188,23.964508717488158,31.81431842049879,30.201564453653525,17.505700804859213,Low
56.96548809718424,66.18432495823839,52.598194756503986,34.824948495668465,63.00502564732217,50.49438156330149,46.237930892641806,Medium
73.3289629093915,84.83077541010344,89.52640814000775,38.13516418641121,97.46985490081573,88.53875578846967,63.071804828474704,High
5.6071992752298785,4.253267454606115,13.7231090596612,21.335947569811065,34.96022168198898,11.199271420878798,18.178455294810885,Low
67.50613952508311,50.19683167718862,51.032211847743156,32.96947680886929,42.140959449092875,55.22381390471671,40.835514458079594,Medium
84.15742209335815,91.43584266263136,93.09823910029954,40.65762920568477,80.14854846807525,76.88283877596582,91.02693909320654,High
15.546624862059025,8.67034638199508,6.624926554367087,25.126698796454303,12.969358294665962,44.31248486543252,22.565375516098854,Low
39.12025659736904,69.2224826556812,61.36448947217495,33.42866071580141,57.84140816954921,50.09622424462921,48.90528841560028,Medium
74.83628264733943,91.39480114425962,74.21177508994575,40.1786937417221,85.06404958096165,74.40083935724459,69.08216668198442,High
2.959891917457305,6.6153672119303755,25.096019703490274,15.537913735196963,17.950042141099058,3.0124833859947464,16.93882235980749,Low
65.99006897304307,65.12061578840165,46.55974713552473,31.994881434535113,64.68784744403254,69.07623883431802,59.96861417137714,Medium
76.20600755206036,92.12882519654886,79.86438236943738,38.910894938487914,87.9523530943866,73.78556035239188,65.31980727478023,High
13.171846590213406,9.767338987540635,7.570362949167528,0.6712475939211016,1.5837215513314007,1.0362750677486987,26.768845543178074,Low
69.42717083502592,43.755950503708,48.58964499326385,32.60128764868752,59.85623767291569,60.39996535054964,59.104898994840696,Medium
94.33059153721719,76.79458709244331,87.08061579829915,42.52232478047803,78.69090246023396,92.13134011252629,60.61145047322397,High
26.25489234547438,3.5185813686293503,26.60086315378857,13.6701805425474,21.137652610247297,34.609145654536185,2.1488610123579344,Low
51.42806812822671,66.94145639347478,65.05174563813769,30.870521339934974,48.97318147005777,53.21107839865162,43.294521441385434,Medium
86.40262137544812,96.55624366390337,74.24072041929884,40.694824143982316,94.78036399879306,99.50036941535444,94.16606803438361,High
16.800189972235316,2.5038211432838233,10.765020778617545,18.607127123821353,23.274000690504245,30.486029710877173,26.82242785430254,Low
54.092985486019884,64.56348766290212,58.50032678638037,30.559105345071565,46.99482216152865,57.1905265655072,56.2463216544204,Medium
86.97368022166361,99.15817437017921,76.32853215109503,38.6605518786853,78.78150394405841,72.72584682496395,69.88346810953837,High
34.271652379470595,34.843345572216315,11.579943333723646,5.733049514374649,15.356820784283421,29.446914136865665,18.452286936484924,Low
63.47255143399887,48.660364626766615,63.14736760694788,32.33563801681779,52.49832335196899,58.1113842804986,49.823027085842355,Medium
75.75476507998964,73.1073894058661,84.05140248431377,36.64241708450992,81.22355477038965,90.06583596120988,65.66869256779032,High
19.134722963127818,20.58948211910274,26.38082250737296,12.646340757009956,3.358288109526524,34.24198543534829,1.4740028466989274,Low
57.76995411342716,37.913727270654555,49.002182145323516,33.11183764370908,52.14673023614762,66.11415034513298,54.96182598933653,Medium
97.11719358704796,87.24376966253709,91.41401410131647,35.82091490138685,82.23979630331483,84.04542674801668,94.14852123570034,High
18.706135626520958,4.259613224026306,10.898553299940485,8.8933004528114,7.211696590723036,6.765635563456601,15.2714239706204,Low
40.07283907434269,47.303748338597316,47.27271326246429,34.031284955452584,64.90049268573472,69.21756995215301,49.89556969075044,Medium
82.27502444542274,91.50382561572377,73.32951000168066,38.27317731120982,79.15809020647221,74.7228269102146,84.46656853839005,High
25.60896504284321,31.51076004024747,22.475001184091244,3.0280051809161854,32.29019717826159,46.63029185054749,6.184785422228581,Low
59.02578208165126,45.283762493602325,49.816276897371544,32.370692476012266,41.407838806077145,52.99964573959992,37.046052264610154,Medium
97.81241885748054,74.1375557134717,81.54076556653649,41.1644702065925,91.53446325130548,98.13756861071323,88.81231325991338,High
33.277225467601795,13.76850517041409,22.406914636436007,16.96425836472154,25.49902061037728,0.05318375184363289,26.71427201738807,Low
55.44551399583034,38.37509967734041,41.4372888638233,33.29248263731166,64.10192860872769,62.42171374829025,57.78002647706363,Medium
91.43968657165142,87.11751495545835,88.22027154132209,41.12451534031058,92.59230507897027,88.36768868142588,80.09200947958988,High
9.130203768191034,12.828726688066109,26.48804642263889,25.4004902721289,24.377398088571972,42.84827453373328,10.74093331173933,Low
48.57324449384079,55.3945553470782,50.31644479550297,31.053907398466947,56.17799814431852,67.5815766496053,42.62719567981376,Medium
84.9010363571152,80.61544257869674,86.78229475544757,44.91983864983903,81.88059861140701,98.79817821299011,94.77445249267615,High
21.15211511448813,28.17239416004872,13.58004694011918,22.280958305282557,13.132219337706875,4.307448229384087,8.215157820177824,Low
55.98888834852587,59.53012908855337,53.95095126126927,34.781484779873935,49.679911688641525,68.93403408633701,36.00631341789953,Medium
86.62299202212273,72.01359667147767,86.5530799977871,43.2367793851587,99.12773453215682,81.28475719518693,66.56825088825357,High
5.528794101473389,14.76196762607552,14.46907751333288,3.9871748967931655,3.3823647185929273,38.956808113645685,20.904458678147748,Low
37.46574049503942,61.11228211323401,45.31722710896884,30.19849949176858,41.605832699769074,59.62184182280715,40.711421109229434,Medium
81.05007057322445,94.52654122046371,79.60237148552977,44.925200430874646,76.13419174745981,81.26100353206904,85.78833783613408,High
28.5995899845952,5.149656630923875,12.578559301736991,13.467880591827136,12.693890887018938,21.18117758319932,3.554519610321475,Low
59.40644919159929,46.94041615471953,54.71895469226735,32.8582863584938,65.31604797435604,57.016140597508624,38.60259818010387,Medium
91.71632232386177,81.7115280007749,74.75229439746482,38.543259591663166,74.60123819766527,92.9100337143443,61.759757449582345,High
30.354362181625486,29.88404986049951,15.456171337960345,13.5574438371567,25.370008981306952,23.558268177368035,11.532918641896782,Low
69.46285772644433,55.452933618751054,47.13462303304005,30.46414056495374,63.863809191588615,66.49038672037986,32.178857495246774,Medium
79.01447085281171,71.33599210816904,92.23059408136416,44.54462988554386,88.51699154086612,77.12137487535198,88.26119241411493,High
6.236804746285401,8.749621938406275,9.960215307948655,12.651807139625468,3.2628458382403958,43.730873269171695,14.09625191658377,Low
58.184276964283995,38.46968600986748,44.0985286883972,34.063828927911146,56.90444295350414,61.42550993849689,39.842175996823535,Medium
74.62483916485834,81.52238134408421,88.80468123451844,39.97927486401797,75.77750953914999,75.22202218258836,80.8975557506303,High
22.070720268025642,9.563916035181194,31.45039335309968,24.856426947899738,1.5668980301202406,49.85468067971485,11.234429621564535,Low
39.63425037887621,59.96059843927172,38.00995541808053,31.403686454591433,47.61360274522211,65.75326425332871,46.8099104469417,Medium
80.87207417654014,70.90591633026874,91.46893308346924,37.02864668447513,81.93811671661291,99.69233859582532,92.7261734953635,High
20.838688683616105,18.43377898081475,29.71327904645795,22.552232770382226,11.314827709361959,18.992408047233077,9.213629949103053,Low
59.99689141792267,65.6064221735869,65.5114857188785,33.92409656152813,69.53778185787822,60.65216981830899,44.84521360471949,Medium
89.30324145163907,79.98238925874797,97.70538107763323,35.090467617671166,79.02149797826107,92.94426558321148,73.36520012301514,High
31.359477109519933,24.220953857678964,6.168687279819947,12.239544957544116,12.986388742699106,48.971703171613726,28.472556499891567,Low
44.241690991651446,63.9487911797457,62.24533658988423,34.0831486621289,46.592351030632685,53.59316157875129,55.47858604620153,Medium
86.45532429779655,84.26579173634184,95.54361608241638,36.82174126025073,87.47033366108761,84.93880730400004,92.08405467483624,High
8.235646428495512,28.587294470846004,2.8015588001436322,4.207660838682022,7.140628035305876,18.359292111165548,10.260217317707273,Low
58.15389018973234,43.519501117040456,38.452178316643575,34.67779411410424,50.17721961429537,58.86135353194838,43.30473777638357,Medium
74.47967277582423,96.34375708273473,91.75819615161726,36.65300185891629,86.69332765866828,77.51362985543619,63.39193077859393,High
19.3506238468226,20.278283239675538,11.557593203784013,4.791753223065994,36.89207173414283,46.75642416780501,24.982707897330275,Low
59.857028589735705,55.929601810081934,36.70256670709866,33.16804708929803,49.54287544162537,62.859948751095565,55.279740678680824,Medium
72.41151805833148,81.44460530879272,78.70963709759127,38.7857301139151,77.57629374514417,91.16965075579817,72.80072769287514,High
1.6838226691596148,13.760677290578187,10.580057028856693,13.021658019491774,24.24168387569207,44.15544739328388,17.065999021355324,Low
51.8502289636819,47.670032227149996,45.95146915146172,30.933501946631008,59.688897166235094,69.9210825100743,49.25308872101198,Medium
88.94974187867139,90.49444794732332,87.89393575167274,41.46583092823488,71.30815172072528,77.67171865930749,79.84672683064801,High
2.2355720262963685,10.82814417382781,0.0032718826857691674,27.048859286743667,28.586975200384813,33.16751886293085,9.881507922408307,Low
56.20331399697216,66.3334650754629,61.48878669654283,30.600991844304904,57.23157441925642,58.33963875304604,33.341595130516595,Medium
88.59947526885657,97.1443729886072,70.64737468927673,40.0329910130328,98.79289856242097,82.66729981520636,68.7709684944907,High
33.44247767347102,30.973787747484064,0.16877322867622335,23.852220399821046,25.100782194610964,19.620114603846712,27.10542855851118,Low
42.96822010007881,37.79637849147417,59.30307728582923,34.25980325400408,42.683418330987834,51.65579001256399,37.62320408917452,Medium
74.05790564971885,81.80599219351883,78.04915353569164,40.96809378022135,98.85993145283169,85.10399853768662,60.707168655401354,High
21.072979082879314,14.98611455531069,25.984003855145644,29.383112759303707,7.910115362487193,11.461972724430748,12.17412390330155,Low
51.23613889239247,52.14098734809341,47.65812862084912,31.42599971632589,50.61388431536249,60.45534848734053,54.0131796960028,Medium
92.74729451801156,94.6049830294024,96.18407330099625,37.03319358303251,74.35949790857062,70.49171911103517,73.78261185773484,High
23.97171882426861,19.135708741437146,27.336882575001617,7.806785342870429,24.650625834959264,31.6141525492204,7.387737590907224,Low
38.7799280220647,37.58265191746734,42.20071297115713,34.81840477501924,62.67308820589153,68.67914466880958,50.15398053866254,Medium
79.21458894068647,71.30387852230844,88.35898036644278,35.100342799896985,77.00310815039107,84.03901488209976,75.83492465954396,High
2.2552884265349253,7.429930630125448,23.147183402296697,27.45169193340965,33.706964161739364,6.549668604423292,1.6721131771751707,Low
36.0425798134906,67.44357769352806,48.117111981368424,32.74329776787987,43.68913293451441,51.850160374253605,52.5007526185958,Medium
73.40083162976875,88.55701434286325,77.92657538929053,37.529986746202695,93.22073621562137,74.58462052271113,95.99808223047589,High
26.003148196745418,34.32991374977248,17.43731093616629,0.0794270674407227,17.81627952391492,24.74558819361061,5.0979500128871695,Low
56.865267362102166,56.380241087169686,61.08286263173946,31.23830859815784,66.97548431507683,65.86075367287329,30.70754838722202,Medium
87.91649057772953,95.05302475421263,87.332100263386,44.90254484871649,92.35925438166544,88.38250690175238,61.03059604543453,High
9.010352625698332,6.991165557805118,24.023868706718073,1.2878128582745885,30.18447003508514,1.6463310220671656,10.728998179684902,Low
54.697044702386975,63.959412488961405,36.65024217168891,34.96400442908491,48.007625915232836,54.476415550553384,39.50422894722351,Medium
73.90420102797293,99.28112634994889,75.39424622016297,42.470362385783595,78.01850003803717,90.80072742801367,76.6135607743492,High
18.191224662602814,29.11476040410247,1.2102923257074794,22.210074428647683,32.095589640648406,35.62275853169129,4.310030259085482,Low
35.08927086126315,56.14143112843005,46.46211532973305,31.46037149608779,42.37510420022029,55.583538415568654,47.46010210569912,Medium
81.53152349554459,86.81952047919286,88.96673602364064,44.06003245102775,90.3037767030454,79.23688738197335,95.65048464433119,High
31.26297092477188,13.527217862288094,18.492224776743267,24.331361102785785,31.495413736516554,46.39810427908762,17.043363904151544,Low
43.0801380060856,52.210574140916535,49.75202356553434,30.014257504237428,67.53332076226854,50.29329727596503,53.080077795724876,Medium
89.31095456845438,72.75671241496724,89.21048282591579,36.080325534006484,93.45119342306285,93.74310759744574,61.24660759056942,High
24.38709336845092,28.926502622256745,16.587001864962716,15.146087712652845,18.936611778218495,41.28346316487821,5.644737168872319,Low
39.457641453416784,52.523200698538446,45.004298025913215,34.63285325157902,41.02158221425804,64.06079634110777,45.8277414018528,Medium
81.28914942499314,88.48436709707273,94.24320778026515,38.82899056630739,74.8915245182148,72.00589266713064,95.79927042355541,High
13.658755798247448,14.338561253323098,31.113229771424038,2.6534859114959475,0.7668591849030504,11.720311311029457,29.39248716744111,Low
60.02923646409437,44.75593091934321,49.60402120323178,32.090490985484635,60.19238153794737,69.36304348501339,42.341866556592606,Medium
94.42756694187219,87.98042652888263,91.56930951278557,40.90424328718532,71.96556170956805,88.16587610248513,75.72254722323954,High
26.748201454946447,13.408675063593163,31.82138069233112,18.06339513487407,25.5105716168599,22.033265784958655,14.163555612720707,Low
46.64344522406535,35.76337861191654,47.08224536562155,31.80124255487989,67.04349681175958,64.21759388772655,59.1671428429934,Medium
74.60546287319585,98.81867009945967,73.55087726950582,39.825978729984776,91.59950365542589,73.6483426801789,81.96620129710698,High
28.98714083833972,13.135084336207171,23.487146941595814,6.742381505462857,9.13636879561973,20.84324383614216,1.549085210149802,Low
43.594037393664266,44.24853899892855,64.53951192585302,30.821616374631358,60.01223597398087,59.869709504730736,54.57030476399186,Medium
73.73983969776768,82.95492962470065,83.00510990246401,40.47176924832308,93.88410409305325,70.91696181770311,99.97152883805977,High
22.794629325258835,4.298179110144292,9.77617975499211,4.555348807453365,33.258745059201964,11.242505144995468,22.75047310610679,Low
42.58036993644124,69.42341729158625,44.11547216802405,30.556479272959535,68.2110337736461,51.828038213286206,42.321418366700044,Medium
98.90970826308312,96.0948960733258,89.34002843489893,38.6876672971308,86.69729070613703,76.05672981696695,61.203246153360375,High
12.2658446533653,33.17070594559988,24.99289633522,5.5991369233258235,2.8122484222410637,10.094632515416297,2.395171955962059,Low
46.02584825892462,61.409083232313044,36.572847607667676,33.05982969649049,55.15036747285381,51.23894182651956,41.319903065632545,Medium
73.96836119542657,94.81475377509508,86.68725793421567,37.58263300982649,88.29577053736467,89.41602758189578,68.00380723927131,High
17.185785087801783,32.23077307338685,6.448752598923479,28.84860584809311,39.12313713620074,14.094906316268602,11.469123659833393,Low
39.84568019108669,67.180204221895,36.670537828403965,33.79097742621075,55.48831195478803,62.55758827108764,46.07867648229547,Medium
72.57466374693654,99.67503313966162,78.68739422294153,37.24061601931945,92.48504039809409,95.22925947686812,86.1841258928908,High
29.706311872796856,33.433531441080504,26.575487073475443,25.06364012367308,20.95235452093707,32.87872599562924,8.13151542305632,Low
38.6913955582715,56.81637805268876,53.18111790718601,30.035652655795896,61.978888727394626,55.3974657187445,59.955304178496476,Medium
70.63077958693925,87.42447946265746,91.64664517964228,39.94041957739154,88.56111828219807,98.34965578586389,99.38057556359715,High
2.837078491022157,0.3180760201646382,8.990948962459951,10.21334667964197,16.7203766441998,38.50661959965571,8.409973772158384,Low
66.5326175298337,51.40969728923152,48.68628488738164,33.18997143785801,60.253257930035154,67.04191594477882,52.33356942848986,Medium
89.99083742663618,76.30629639929602,79.80270092008446,43.01156039678304,94.43215079789378,83.34906282487609,86.33762593584888,High
27.921857022140642,1.7737331490969992,32.612376925439314,21.4866146556156,18.217941251375787,25.933979613798268,25.24025601330803,Low
47.48346666774646,52.87317023298432,44.82524875732738,30.012080292318373,51.89796993059184,52.66613694214847,43.09373125025917,Medium
75.28896714040805,87.72762868898297,96.22657100443736,44.733627024951126,71.04180956287372,76.00890190184396,82.41209746079882,High
26.161985131914808,12.019171576646999,26.633169518957448,28.886465361578278,9.966504566599955,18.308498765775035,15.646931059009082,Low
67.5891984522739,43.912352814515096,66.23293461726418,31.237754589019342,64.52029676845385,62.44586255394195,55.83833968554198,Medium
87.73831612413261,71.33791539358103,78.65144540378216,42.95380203190221,75.82351169292465,85.32856998989816,70.10697481487487,High
4.4809055147982075,23.37627432511063,7.838576409145144,15.376733991907772,4.00003702522306,46.3585467786084,24.06062733121775,Low
61.11065162525078,66.91002396244106,63.981059791305015,33.73712649669979,55.304709502596275,54.2320042945852,41.57139930961182,Medium
90.66973739766335,85.54905735343249,94.05991933137669,36.40005274987994,86.08721464658086,72.42334943384256,66.09728207482705,High
16.366290558058576,16.527302901301177,28.43922759046885,2.195810756707818,15.760344857514275,14.476492592390128,2.965078964880571,Low
41.43501720087897,36.35943753882111,56.126248085610854,32.73796831994352,46.69422952495454,58.655613981119274,47.31882247516481,Medium
93.0313311038023,76.58270339676952,76.19880758465055,44.59753161634055,96.68148699758095,71.32685847520078,99.95502689275783,High
8.796146623126896,27.661970539276137,29.953201581146036,24.213676686741437,19.146574073280405,0.20181492441921356,6.718144114001026,Low
55.77269893661523,63.339001732428486,53.22487189798757,32.250189316282615,40.50194988555879,65.21751433774912,46.136934763613795,Medium
72.10624968611926,91.85434919632672,85.32374484928647,37.02523589813853,79.5459084684763,95.19326777891244,82.39589894239268,High
16.75185317277547,26.600332842976144,3.909510311904057,26.60511132598664,18.564253061034556,48.43730793269596,26.39843005375099,Low
51.27425910162666,68.1133781788199,67.84624505123936,33.759795307530865,48.507619056108254,58.31077383008805,41.383474484705616,Medium
71.28179575070885,77.45742672787482,76.3831828512727,41.18844437909931,77.04344090517654,83.21174811765268,85.97371881270647,High
32.00806411329492,21.053542276008283,19.460998860483862,3.606578486294513,34.08346070257491,32.74566464262214,17.18820644996526,Low
52.88954724817974,41.2538505141303,41.28598991226138,32.52783473023151,54.453709959601476,57.15016476494909,53.89624362002317,Medium
92.3226082635728,76.13893416053423,81.20826060999893,38.17550695833746,92.49023722778574,94.25900139770482,75.4817468087972,High
29.517116886347722,19.033164898743777,6.409128045031364,14.818511943429218,23.86779232902143,32.249931977471945,24.225732785428082,Low
45.360979075384535,68.13844130453104,64.71113615884987,32.0259606995213,68.77434467238682,53.744232122403545,44.046766071505026,Medium
97.24651909705575,76.17956006431162,73.91324882242866,44.9531370384302,88.8732710857191,72.9409459370143,74.16953085509381,High
12.157753362329572,7.241103685417945,14.294499293622849,5.914620995595095,2.4748011857702235,29.663033887257324,9.665125339663167,Low
52.74016703370263,35.58258421724115,47.42092848897561,31.66776932947037,64.01746058684758,58.41373931168284,48.46910458977558,Medium
85.73981090091696,70.38407079100924,93.66220554405815,35.70054279020545,81.97539590677988,90.41547611717286,96.43684744594523,High
8.926676698804851,29.68614937675739,18.98106327584878,8.373193473384447,32.26265077687066,24.163661125760367,2.0518068947103685,Low
50.91333686643938,52.813054097742906,65.39038457851936,33.091431178744386,42.42861032387046,50.38224030136184,38.759364710625775,Medium
78.67360541286533,74.22228659187275,70.83246319566939,36.30735400113126,81.44624083615884,82.22092849025036,63.204555261952706,High
25.038478043675035,32.20594451201744,23.650238260366702,11.077708369031328,39.63128152272096,17.379545847503437,22.282596815763238,Low
57.90862655799795,66.65212342722593,63.19688140555469,30.079427958012364,45.15985942410101,67.24956148920914,46.84519299949754,Medium
90.45009412191739,80.86089397497703,94.02935438137345,36.18390176979751,70.76219486930087,92.70535469896319,64.43686065236251,High
10.629802499202555,27.626080726622206,8.825231596176813,12.76813124212118,0.37949184455877916,35.3292380413574,21.34501719735187,Low
61.796701233649344,64.55107933361545,59.10240471489139,33.84766379589472,44.67952757759295,67.55426455274888,49.12342066774442,Medium
98.89638966422451,84.37819564310291,90.5678437556109,36.25267742917685,90.24984644743107,77.67258774418642,99.8070656912741,High
15.327374091797495,8.796188291197076,21.54677138738525,13.787058745189087,12.490915853307673,36.62092674540007,0.8264109262684483,Low
47.59541250726362,35.41216344415143,66.69149940069875,34.69632811678039,56.640209639922524,54.40889886328739,47.11743835987539,Medium
90.54830159150228,97.71786445185006,97.36048071850465,35.026089883734436,92.79084673492939,85.58034275184363,80.6296056351945,High
22.623084484909544,17.980010873795777,30.204522083799237,3.5729219393777267,1.525281514750425,17.587521324669396,6.750933362753085,Low
37.65329869623776,67.50860935552058,54.85013438999104,31.062206365458547,52.08247572912126,55.78293046107126,32.61704661521377,Medium
95.87455665024191,83.40108471149054,94.60400850307995,38.35604176450172,85.95106790045747,78.06959551181967,89.40765807009309,High
33.245918841868786,13.494231788392124,16.806231157839218,22.824921383119023,4.1173998245316445,9.877463528464492,27.77522177753615,Low
62.52464220419402,51.409802814078446,68.5987577057736,31.836257442284136,62.546600116119166,56.42061459132173,41.48002797272336,Medium
89.40440897037415,99.98264506373593,94.68860080865385,36.51134391652552,72.14580706566282,99.12698268905439,86.43081663190695,High
5.346216190528612,30.092846319393495,3.504777589117835,21.04558300691351,18.746263483005798,8.326597954100784,8.311001956570253,Low
55.74747559434554,41.50489357700744,56.44501354920167,30.946392158539645,45.17709917894536,53.36104692040082,49.842813985699514,Medium
86.72853948453954,89.7994236572113,83.23749603740532,38.00261726688557,82.37667505632797,79.58836696081649,87.21812698556553,High
0.44667886210675467,25.5116550765581,14.189588325919226,22.205006046501538,23.3137104318013,35.99403211049203,25.167071569306323,Low
67.41642565419691,50.68710977519013,38.381777014431805,30.487810833602722,47.345257499104015,52.72708668735355,32.714616120451254,Medium
77.64409158604262,97.85692503877229,81.82358802243463,40.11308196321605,92.03370168669663,95.12977082474413,80.31948549731484,High
21.65960880995984,19.635473561981573,7.290865184452661,17.316431712392127,5.0189169741210815,46.06703502944671,28.612165126623168,Low
47.78084715268308,68.49305782103164,44.049188462788685,31.66973893377605,66.13379728605221,59.90520061382934,52.72136356896864,Medium
98.7926064857288,91.96794311307212,87.11386594718135,44.625975506415486,85.59086605498645,96.3946986726626,76.34134233339674,High
3.6063474908835866,9.805359898799077,31.673825437866935,26.173933624531728,25.62784057059613,30.62580963408219,23.702143380349117,Low
60.121084869743285,36.363010893111145,64.84981224021858,30.26296363669085,68.45881775523151,63.86554280984395,49.828748679308944,Medium
79.7613432631151,84.08586299184638,85.8761467197748,36.251709800278995,88.59337126098134,71.18025508292044,87.66393915080926,High
12.043342419767416,18.7681913690335,33.661328193475455,18.132667914553153,2.587347161258573,19.849168227667548,6.477256461918028,Low
37.202052316587626,50.65806174401348,51.235186649080276,34.579908694338044,50.43430443479082,67.17971429422687,53.28922331804451,Medium
77.04547846880173,94.7779739320963,83.03218721208967,37.27820512114315,96.05158329926722,81.34565728477087,65.42046686785356,High
12.495849346935557,24.245545506246213,33.49447320243092,24.052311158033547,30.405076865765366,39.943112566454886,16.689510103293053,Low
35.44974439644922,44.69772170825708,59.07590755135121,34.91285242444276,50.82030511602977,57.82110095700457,46.10451342666734,Medium
77.87879954650468,70.01312560474913,97.51148000022431,40.61796294760684,74.99916987212991,81.9865043622955,78.40791528703286,High
20.515723689962762,6.841790413029077,5.969700865225814,8.212701049270892,19.666231740943616,6.881784956884168,17.241182123766166,Low
46.99725433335847,47.1702897660015,69.17139074394645,34.057588525081826,40.80809727466893,57.07158906770759,56.35682180256019,Medium
88.92058853254984,93.98396463168952,95.57500128612881,35.24546600922136,76.69403039109329,89.61215461466936,97.59381929488137,High
24.245381313393377,9.098193200203001,23.83098298896564,21.534456048814786,9.213834154195816,6.2623525523121675,10.04789266808809,Low
62.661516797552565,67.03154020168178,60.396613861498885,30.296598768546374,49.848812672671464,65.87313957343945,47.05551964859958,Medium
94.21730059074123,88.46673098087798,88.54250009273886,39.10385427900537,74.83275118421307,82.32219801378012,74.90553649202594,High
18.12087836198935,28.50667158606057,5.655300911640697,28.5921263019784,34.39540349902618,0.8284556179369296,1.2419704092914963,Low
35.983107174837365,51.29066681545575,69.85074868652336,31.671307123357046,40.51366210012679,63.4433358187946,49.77291875922418,Medium
85.65465901926544,71.41428633343278,88.60702922883578,44.9948412881287,95.37662803981006,97.74050325870797,70.09821701253894,High
12.526439729384608,33.184722966803875,19.0489096637354,25.505364496518027,33.18859506196021,1.4726140625406559,21.70167074789995,Low
37.67972560455514,39.37438259145422,42.80904243781152,34.54915089940821,68.23845054197069,63.952970473249756,35.18949649536809,Medium
87.50100255297309,72.23595629235524,76.95500322784261,38.97741390417472,89.98401610552324,85.73319980384467,96.89380088450095,High
16.66649146849687,16.917782091928437,27.984082435661048,8.92889400556668,15.647752846542119,44.239560583469675,15.880031213904921,Low
43.189079024772056,45.317070631734566,67.81546624786642,30.367449234662875,44.54468217354876,58.85551214411772,54.00948957158996,Medium
92.33424837629113,90.19366762286967,86.47590883134919,42.60900118411211,93.67164591464928,73.90280771961457,74.6731268830519,High
15.282444046346079,20.333577560474513,2.41339570789202,17.666683404102603,14.196286507080922,10.48096647788066,22.088485706504727,Low
38.71759062265528,44.46420871738293,35.07653940763561,31.53635715801266,57.125851160801716,54.15252550261278,43.011016555785915,Medium
83.66649816205765,74.08801721385518,80.2053918548972,37.10229449632835,76.31290825204216,72.72732584882954,66.2432876613716,High
21.083461852277015,30.46629429188198,15.965606135915571,29.64631974844721,27.654077350236534,24.742403305156696,19.44325496243828,Low
49.59870345083495,66.18451035177056,58.83575766099169,33.79979837290498,47.09147906556309,61.03397529461403,48.2538345689253,Medium
93.7799665149637,91.39011151414768,87.01080349423049,43.23160294643748,83.34985570556651,89.45428288230836,65.92302663637815,High
1.162533884379091,34.37914739688544,1.9307522029152147,8.341719565268827,29.662154773008133,0.7987822288449131,3.730258504444129,Low
50.94441948485212,50.66621225492858,66.52966656712802,34.97027273998638,60.0068695554661,55.78311723787361,53.87972751179166,Medium
85.02096861326174,81.99136102817762,82.19993203475721,42.63066314504656,96.29776880218911,95.16920595602357,80.82153147833435,High
1.2685811612618914,0.8603031728447585,0.24624273715742218,16.210228067107536,11.640684629845875,31.522423365602297,18.358774230039266,Low
39.58122362362079,48.86395270691183,52.17379692336398,31.331052099256986,69.76396053446187,60.739726698266864,49.14080302915225,Medium
76.2372505235776,72.58511475410282,80.1775738833397,37.50849356095776,98.45409502868975,85.81465046546963,89.83718855670247,High
11.710381248396114,17.048247411961484,19.948872504657718,12.516940094929456,3.411654291767081,16.458676657722464,23.05409461277248,Low
69.90815817000143,53.83998477967383,68.90818943618059,33.81778169639902,57.8915388304913,54.15834321562989,32.78686723064847,Medium
88.48408124694396,82.98293515047534,84.3442439081679,41.824576743473266,87.16027805407785,74.83401405490278,73.07280926417344,High
19.170013609672328,24.096547254563784,8.767743969435633,9.260768975829212,23.51637889697843,20.44016672635381,12.514401689653678,Low
42.3352358929266,61.3176335196006,59.502065668927955,30.706977978065286,52.8843496731364,65.97110054253496,32.44828742281181,Medium
87.99613526583977,96.03591646894039,79.70894222982477,40.00173783808194,81.56313065819026,99.7933875385619,97.51316979036761,High
12.39196665508129,7.923995177082483,29.30111786064379,24.65102351840893,13.352774514764771,32.3121876532721,1.1876539395595453,Low
69.7778727467871,67.9080136555122,43.71063984836852,32.68216731607406,62.953100128542985,55.09055413633161,30.97163683917565,Medium
88.98102864486307,70.29407928413931,96.20807363107659,43.52605490345624,95.85938452193616,87.489351550681,64.52713445177164,High
5.120495019374193,18.80236550110744,31.290903493567566,13.483508194955064,27.023224541781957,26.53843671698251,2.191835461345617,Low
68.70145652616532,59.39527149685034,43.501004064814396,34.596334102354405,63.4355583703941,52.086231391499034,39.223643716630974,Medium
94.67000793321439,96.09520597642543,97.15287647180467,43.514475491023944,76.45701272217217,88.76891126402322,78.44302002089813,High
31.097376576565956,26.184845654355243,3.7693760044460127,3.6852075290988795,6.495481277374666,40.80902227330622,16.2808012033644,Low
69.79153424538084,40.72539210504218,68.34256716035183,31.563187750265584,58.85271751677746,54.140522644712334,49.043061262055694,Medium
71.53475725154333,78.99371131099967,88.30762822591359,36.59893811649149,73.52383237611814,99.2563120632983,63.02774506811847,High
8.61845469932136,33.84900872582905,29.824639498977966,20.422703154996352,32.41621759786515,23.113921472631315,25.618905848353407,Low
47.37765594211093,59.83617266152342,39.33828136514598,33.1366665964369,65.48728666859532,60.82227007125698,47.83680032713285,Medium
75.62887112605345,96.05923334423053,91.94262358011429,43.487663406583124,97.17417067985738,75.09278158352565,66.8854999032668,High
0.34823231132528054,25.523414569024233,28.067740506962508,23.080898950898348,35.367941793904336,18.005960902353518,13.073586416282149,Low
67.2147493033319,60.25191961811608,39.30971879865394,31.582687117135276,57.23964336502047,67.92290789360749,49.36114198557843,Medium
96.60686573780022,75.88895967494268,93.56439814103067,36.22857733738297,96.64239170965762,72.54267616985966,98.88538266409257,High
5.478607727578083,19.505987982178674,20.239256391882396,29.107510853682303,22.436125436032626,21.46282928848788,1.4354093442470306,Low
53.871994842681076,60.61839544385058,50.317745562163694,33.31678344152271,48.693022432627075,52.24629255204156,30.725679636709962,Medium
92.58720879461518,74.33402492289068,76.70564628788969,44.698840139560396,85.72232978897028,86.97018014296503,61.23601239295626,High
7.931631040551636,22.95140229276198,6.33496378426646,22.903601300426622,33.889360744230935,14.707766326196959,10.763665860202757,Low
37.885555152353575,37.91067971731736,52.735081347498976,30.198520477916436,41.132121772786626,62.80934420892511,37.9708457073311,Medium
77.63735934634757,92.82868301830428,79.16535109602943,39.37102712188634,74.88576335480056,90.39692933339967,63.28480904411307,High
19.75168532171524,3.8130070241939262,18.406739599589457,0.08738949897588943,15.674934635565915,37.68374016246792,1.7077527178955854,Low
60.30780155663233,57.46100779427975,68.0261911187882,34.74553586460573,65.33495788331058,61.47454393238775,49.24085405069237,Medium
94.54975626527573,90.96946453811915,79.61891596799029,37.4759151262312,93.91082558497402,99.98057072159142,81.31501250197852,High
33.13786710215522,8.2451601925821,20.523230021903196,13.449419519202525,16.13117391516099,33.24231182538975,23.861967824199535,Low
37.57365427984906,58.36014051875585,69.54436943111668,32.08836348794026,55.03349740517831,54.51171995483054,30.50703066094445,Medium
90.73430346906459,84.60846782246624,75.62705051069415,35.3434739164887,94.65757306913929,72.51242068939443,84.62688419565359,High
15.53162392818631,33.12524741763499,29.241163402997884,6.226359418652954,14.372760483007836,1.5453299212585758,20.137731179267067,Low
41.510033175961105,47.69026365851871,58.520526984748884,34.341639764111754,58.6560442455839,57.366145168982136,39.588937094066324,Medium
85.62684351005976,79.70977976003223,83.12231163009936,38.18782629726135,78.36034244132989,77.99107290626964,87.96449445098793,High
25.96956240565863,11.050808589278729,23.012241661868387,12.233650626618722,2.4663312313944274,4.205701752765045,12.936511544983066,Low
48.32773690512351,55.172900567855734,41.97236960375262,30.715971641985508,62.166897038116616,65.28917604479884,59.13130378177924,Medium
78.30370385080585,77.43715099761495,73.76423243345374,36.40578816067749,93.47789360055849,70.082818775421,69.03481613656004,High
11.514353054319589,0.45179856345100744,20.26266158501064,14.54366277601045,13.982766704703495,35.773939004388886,6.373794061787318,Low
52.45383388754492,52.10980494359845,46.701385854117156,34.97074117999313,68.33518481485291,53.46847978518357,32.45067565820427,Medium
75.7765090624188,84.42648035823169,72.45862770887143,37.4810063513032,83.17907134547772,83.07395685031102,62.25498420235188,High
29.384221608478008,7.818429705435405,21.06831362757603,26.722310634989547,7.0871524150574405,49.93817570983631,9.446411457144169,Low
62.18018086017336,47.63133894514379,49.15840666514997,33.136522229931664,57.41492426890537,58.19202160198603,57.55515263987019,Medium
93.91829758157937,97.03226236188412,71.46309749411488,44.16476627861876,99.1015086583982,98.02805640898097,82.45223355177627,High
12.76522155423266,6.404570931552755,16.381105775689317,14.609613808619056,15.75144347715491,11.86536550424438,15.96836573086415,Low
54.96622571447559,63.526888905662545,45.34626790432691,33.19583160152288,69.92887935212144,65.48975390704734,52.56016076971913,Medium
75.41876318961586,88.00118422914761,73.09457558415542,42.96840600625426,79.08214400972602,76.52079324101231,93.02372908160028,High
5.345304000312485,12.76435245166183,24.45975161992744,24.200551777656994,0.8944291531479776,32.43663051479469,6.397168618530394,Low
65.90253118486226,68.62251313949105,42.17011514173171,30.609874618781244,49.290183752468934,58.456249801246,42.83304923221361,Medium
93.16196580345898,84.6312530556932,74.28525673416158,36.32332735323096,70.2218700597517,76.49104303095248,98.46312942286806,High
11.906732693860482,29.656571536298728,11.294466250903506,20.855046963301696,19.698230850867983,8.147328962975525,27.16521522299913,Low
43.52688302019274,57.33371068734799,56.943342469409416,31.551311535681165,53.91936710018542,55.54599552092893,34.416832720544214,Medium
92.48666297160742,87.67731202299089,76.01816020392869,39.39492797163918,72.2140433075308,75.02013732122585,95.77976707467867,High
2.0750429215388433,20.589107918891724,15.877929446784327,8.111606422415253,37.72097415826006,19.944369123985144,2.6016703385389475,Low
61.65652415838977,35.96341205194837,63.11960607314275,34.29685734438413,50.20329981406573,68.71989990503224,36.21326269614383,Medium
74.59180379920566,98.01768352425321,82.18830368901156,43.148554808334765,79.62149900947327,96.84974080083377,72.71845943700369,High
34.082814833189516,4.753578010077683,16.077362452068986,4.873073835873075,30.276732492258255,21.4864892263673,12.192132406778452,Low
56.32760297032678,66.4067250661922,67.86305781442564,31.048682864368654,58.17145910774724,63.18446337657473,37.482170284254984,Medium
84.92236876028073,94.94887730229203,92.89414885244429,38.79810494964196,80.50389895644652,95.38418830817103,97.60997549609476,High
6.902563731601553,7.290707854694205,32.37031759208621,21.990577783325513,33.86568992420231,27.270083741474078,22.61627566307675,Low
62.99283845516228,47.8721854869043,41.03045940908352,32.651305648496425,57.028008259081794,64.66698726526546,46.68135756788002,Medium
96.14806533952476,75.2358216640169,70.0055813208182,42.790009248840455,81.99827658136489,78.53865121945913,82.26483537909267,High
2.4938481911008434,32.63948872363699,25.778969058578113,15.32993771050295,30.31679442178875,0.2429222305650458,7.331694790955501,Low
68.19799074201691,54.540251587519734,45.49350613104831,30.354887100594805,58.57288188995774,56.529436220498255,49.4261781151108,Medium
72.31440370152592,95.13164450410238,75.02445396933848,41.23800137522267,85.56461899238876,91.00129221076958,69.22975864492045,High
22.630915416084036,28.63573216371838,7.745375808687421,14.467272951948551,1.2641545522993525,38.44142048992253,5.942918871907877,Low
41.47629900969995,39.310477280562296,61.20089129598139,34.810303722993474,44.411377210741094,67.69073731873793,56.63978831996388,Medium
80.95810138965513,96.08125052363353,96.39892620529056,40.39228525551751,75.01227208410327,95.12356809077073,78.3334453919586,High
16.125950139041375,14.635475270905543,32.33048785031636,12.750372666766332,6.237363985725617,12.560035244202467,24.532430191245403,Low
64.6872164912693,42.7159866811131,48.525431647236786,34.17578579757803,67.65168302645304,67.95072970561046,37.79141786204205,Medium
83.9961659680231,81.94010264131657,96.98785176318458,37.91696982104408,71.13740705832475,89.84893859982267,98.51478943493639,High
23.29107329062678,14.054136013220502,16.300949182689337,22.069249223698804,36.77102726258712,5.294094781750713,9.309161302139339,Low
56.67971220144575,60.31595018776092,56.823848892890204,34.1129124540225,63.18238907645064,57.06430057365796,36.80681708399901,Medium
74.832975507339,96.92080193144278,81.91706253476613,43.50955761848795,76.82306456734668,88.93557940260072,60.94536846509227,High
24.59189737678419,27.501636787022235,29.81569311224048,26.88658780700869,2.4578248700353056,18.63322756600762,28.38141461189815,Low
45.605926886801015,38.2856528882018,55.31232818901684,33.968850491426885,44.74119537261555,52.022636839254886,48.2492771290116,Medium
88.8308520047464,94.53455566556914,74.11721424997674,37.179687223292845,71.85728067464426,92.75618146108445,75.64894909531846,High
5.417989971560507,19.890986905570216,7.599156766657825,27.145913462011013,11.969720854059611,29.250467971370675,25.221442734172868,Low
62.49719244494912,58.77639504887951,57.40969571533994,31.56689442089936,45.114442084703654,66.69820897481341,54.63842774509194,Medium
96.68255853717548,85.47491989631668,94.86456980577732,44.20801849509477,77.83324086808042,78.92741312809204,78.18610915200964,High
29.077617642208576,19.43044962778305,18.27557533847495,15.27982826121068,34.556171319159546,21.98920485419605,4.872086975959241,Low
39.71594252601413,68.97894777273586,59.14564532187984,33.652016705451494,52.083441754265905,64.71634722635557,58.0293915745179,Medium
74.9197051018127,70.32175398905096,87.07018021356211,44.12804392897668,83.88912334902719,93.27039318052655,65.59787349175885,High
22.88156272335977,7.412612929003161,16.12860171968572,20.539522396223145,6.176858530460976,5.260927705531204,28.197961176299184,Low
53.42661537195159,42.08357696138344,69.55170646673447,33.56128952669607,40.454350631282196,65.93918659620249,42.72729414755215,Medium
90.25708549229651,76.86695483556362,72.88798848422795,44.61229926586411,76.35095549085096,82.58494038805568,81.74508146090311,High
12.069672281011218,20.548621293717364,25.95779382983452,26.409712406176936,30.3666747811753,40.01536594813251,24.678708155316258,Low
57.71415329023889,65.54961756728832,52.60582678586316,31.922062560536904,59.09431881531595,57.338144369090514,33.756931715118135,Medium
74.43297295168885,83.31696121676484,92.41979400153761,38.867811025018554,77.42167509928875,95.86145722942513,90.06119450599932,High
7.330654443453982,23.24962376796199,13.321108789023578,9.966489907768052,34.16980998889536,24.721941088779033,18.64983515361264,Low
67.21220948760461,52.64080834672127,57.99168558565911,34.19082018113811,40.13828393725855,51.436220824086675,31.94303407907494,Medium
73.43449564603657,94.3660306248855,96.71576013189699,39.06319909607083,88.30008373004563,95.73034836408682,96.15994057431503,High
22.557890918529782,16.93402572036476,28.142301040441993,18.37280955918947,4.622549066924226,4.904974488405289,27.850203285493276,Low
61.20875440103066,54.274200854372154,65.91848432684006,34.52560838505216,52.10454822480941,53.9328911138033,58.208999405594454,Medium
78.25003307543601,93.90984127072147,95.25706730037845,44.12179026819989,85.39805835911433,99.94900162383523,96.90024921677974,High
29.184978698518698,17.593829028159455,32.37492298840256,8.86486792891106,15.792426410125838,23.338726601618497,22.969486689448754,Low
45.119763987653826,56.21522294429937,62.822090715936966,31.34900664948043,53.529278182623855,64.79634128452943,42.641563618742545,Medium
99.23371500360213,97.6739872378355,77.77486746398729,42.06808096396096,70.76272454597243,84.91860903090681,97.78140964079167,High
33.288044427069465,10.792943978459817,27.785068873445663,20.25086896377621,23.81557952447574,12.314015031380288,18.854979785445835,Low
46.8455619885427,35.084254484179354,65.81691846497756,30.614002397458673,57.30002454249433,68.37250157005553,30.09271460775464,Medium
87.09505952725497,72.06412483720344,72.38271920917423,43.14267353596193,98.92082081768075,99.91024453725225,96.9397669364484,High
7.983857905972337,32.52608737393229,22.20282326735091,8.818542953774628,26.774986246750352,9.035798912411009,23.43020965484255,Low
67.12767562781198,58.73680056048859,48.06102351986339,32.49615909020346,41.3403961657727,56.60130431968443,37.558298246748684,Medium
90.89826122830304,85.57441973681064,82.4382555910798,43.59090251373121,73.44131854268744,74.12236333894097,76.02141233224796,High
13.747265918869672,11.922110155647195,6.493408129609931,25.377695916640135,38.66376547629741,30.964463853300884,13.111947288473697,Low
48.79570569819831,47.13674110830257,46.85776545226605,31.299454656294284,59.97522553064081,68.75200539529388,45.82954570248942,Medium
75.6427302552293,90.73366310925663,84.54240306732191,38.60997615200364,73.88432351318369,90.26690756314372,78.66237450204741,High
28.640929199529527,16.13560491804206,24.247343309367555,3.825315352056493,7.888395415415186,27.360771793745155,21.833048904944373,Low
68.47408305155832,51.376064820707185,52.07037142298197,31.43111089962664,55.47335209890194,53.20917505977278,55.69465365195502,Medium
83.48929880991761,82.25642678162461,98.36661101566976,39.45715743334177,94.7987834113376,89.93527488334193,61.45822520613356,High
5.197171563824934,1.2018134039705104,25.478286653301147,20.363240397544786,29.279199752150674,40.73456718390575,8.065730226703803,Low
59.847551367581616,62.21063944476593,53.306166138963846,32.12623904278918,57.714780692963494,56.58262318044686,52.36662484157628,Medium
79.70230800543786,86.00351700287209,83.221237138583,44.49363453995081,85.54517538506246,74.87434025510353,72.00887043604641,High
33.57811377207475,16.496070957174325,9.407383169851471,2.762673809438554,11.669693970531778,41.952392631867006,4.977681478069047,Low
43.19291448024485,59.02717148596191,53.112782089518376,30.42182015442974,40.99572845621527,56.30795456128948,41.44779717594888,Medium
76.07911125481847,87.53375215969716,90.36149630201261,44.91402670227221,96.74807868503693,89.49664702329551,79.08615384968982,High
3.710027815329362,2.856316178123126,3.2377871817246078,8.420823736323877,7.043412163191172,39.61286913328719,23.236246512040008,Low
47.34779563846398,38.601949942629126,65.60361270685148,34.13307478941049,62.30926005983228,61.30940117481724,39.810169403435985,Medium
71.69465766633452,71.80947015406123,96.08044845202983,44.50325009023421,92.09268226566809,72.09012937959366,78.1424102688398,High
3.849585895213037,20.17272038245925,21.183545910581262,13.939833206025975,3.8217099652388464,24.39810847468033,4.800972562141915,Low
49.644875718836786,56.343430193786396,39.595821569346576,31.40942100415514,58.58871589647281,66.3006092490813,35.458258811273424,Medium
77.95130161029104,92.66198334381991,73.46758315014328,39.59105218700621,91.74147010592151,98.46386335930481,74.94941633561183,High
14.747763577819663,1.585442100021659,17.963242316830385,15.0021800749667,13.659942796691746,3.977819537764349,0.3189469288115876,Low
66.18971510711384,50.862522482657084,62.007506474155505,31.160213592856163,59.85407710452921,61.78270779429832,45.71806788123101,Medium
88.91209310364526,75.72867438285274,91.89997070111984,35.92787921612157,94.0178238841473,84.5410538664631,77.60269153117909,High
14.163964018921499,32.26500061018053,31.329543925008974,6.36664274102748,30.34916615281931,37.0568875137297,16.580255320959097,Low
35.293711812424846,48.31640016540854,67.60688494638956,32.63134985933921,46.42970844339048,56.751084034189915,44.39715623927109,Medium
85.82572302969456,96.04147840637984,78.19721322861105,43.587958429626845,79.83059036788606,75.19400312055137,69.22909934811526,High
14.031252122032075,29.650423970767832,20.28793343683918,10.58419991528272,9.42573968764096,27.05901574798817,23.44205663592489,Low
35.446240192540216,65.837551189808,59.06483930720678,34.73381012033478,44.78397795041307,62.124942338025996,49.315609285970936,Medium
77.9009350612533,72.16925574629408,94.28488609507573,42.526140262295996,96.42078029650561,92.04666892708838,67.28719542971167,High
29.510718779450528,12.322181946345994,11.050146643930344,12.188105065978426,14.831601776895056,29.388166335174343,12.827155509618748,Low
47.69674460404821,51.48935503545333,55.550236968282405,34.71840859869307,60.400976053280885,67.21230146015928,45.4037285885502,Medium
75.36112290507351,88.166348089628,87.8019279199654,35.01593598917522,80.79364892059375,76.72438361475078,96.86436138733222,High
4.519991925484646,15.33928649373875,32.30299880584771,16.931267535552006,7.130862120222421,36.48430135979453,14.974707161103254,Low
43.15609709148025,38.9168917254366,43.32588620369794,34.16450697481081,55.425501964065944,50.2091061788512,46.203627869714666,Medium
84.29714879073651,88.48329796352597,79.14202659576137,37.661553834511615,78.28824220307361,78.44397953867725,82.02475022518172,High
18.84534531641656,2.8918736746241964,5.9466280964549405,20.803306830204,0.8561440123375164,44.79983765427424,13.44641541229157,Low
38.60019461069905,52.907225878248795,64.56447321375681,31.741665396694867,61.228477288241336,66.71427293568337,36.302598479898904,Medium
94.77713475521966,93.00231842695473,75.17222561586959,44.376721197655,98.80714796755612,99.33952778465314,88.49500499704004,High
22.04749481290506,17.665129958930333,27.631862408102716,20.65343297904074,32.710912789804354,2.8704335360813737,13.610429571037631,Low
46.51485458154865,37.42926242578217,46.50455227517071,32.95511571764747,65.74463170954338,52.91675249082875,54.60190493446744,Medium
90.00990448722371,78.50454823504542,98.26963051343812,39.57182850282444,82.72861455348955,92.65592841333572,87.74917190871733,High
15.146775556487377,15.150198075683068,26.18417912169221,17.234231971216055,14.996609583780254,9.230730831355805,20.469337472190194,Low
61.05050435183722,44.56672401699015,69.79682776603343,33.43726644408382,53.46410824726994,66.25481059303287,50.20924358076114,Medium
93.38638696740126,86.67421872738151,90.30568872531447,40.70320201149111,94.2189096415731,89.58273763665504,89.27023008852285,High
17.802417391771893,10.020690892223723,8.023610702839019,5.339667104430471,16.15640825005816,41.94648539594034,10.005317971506022,Low
63.50257788967035,40.47597551240585,59.384204764119715,30.62685613418835,56.40675450783209,69.00992348500226,41.690346976447366,Medium
87.51857559195933,78.265618381339,83.52124418115457,35.74917514835686,88.33950393318133,74.75837184405037,83.50921262592846,High
16.832551001382733,33.82280638438823,30.267120461910412,28.55029855140201,3.734587836601251,8.138576991029584,29.63904072738564,Low
67.97178308734578,63.15139879718046,69.66532899657142,34.64100336989923,50.72683511567583,57.490874606142356,40.5983471847989,Medium
85.64102003672122,71.69288636199119,84.673205642092,43.0289780104906,77.29261025610812,98.98972283445282,85.25905997031687,High
19.625933982641094,23.638823712030174,16.8140053277903,21.259904136786815,37.00651725586723,37.20984870132558,19.774561332472963,Low
68.44859858673084,66.15596550859941,37.90137731491322,31.511435702497522,57.61418228950075,57.01442116756555,41.03391783296084,Medium
70.53159337512935,89.76866000836552,93.84035570850779,41.508588346049116,85.38376736813659,93.46204355283237,66.87827596942647,High
8.392768747040119,19.94274997919896,8.441510816014013,2.0769643585336395,0.818063016044337,25.192586758881603,3.961758549343605,Low
61.06771969284656,62.961264760196244,58.8794284372819,33.45570628908412,56.49899779574508,60.562665206248,37.99614681750449,Medium
74.75072363461918,91.76796451445685,98.44624080346375,42.92910398569068,76.72855183491323,82.31299974151989,87.02128797009746,High
10.820092500857454,4.811588621009678,9.601321182868412,27.61972771029004,18.374138723892244,24.199824408361593,27.760778353792364,Low
49.60548877909087,35.93478463957438,67.91304512962284,32.96651518938211,65.71775907262965,69.70415765891188,55.9297655220322,Medium
77.443544281776,81.42503043931788,86.50052526637322,37.71871868677202,87.9071608128819,98.5109434999031,90.64893368874937,High
34.089993676662615,25.68283356861622,11.756797138292963,15.26962642382318,11.553427841372127,27.974995274094745,0.37086749442122646,Low
64.40967387643725,48.5619847655108,69.87533458043129,31.921694928386646,60.94665146875711,58.51021464190476,57.29918278214586,Medium
89.35358565166734,87.79762809721794,88.90714447876339,35.2264092692652,78.3024101019785,96.16266613226773,77.44021935376368,High
7.847976735661154,0.93623391329754,1.3139902076422072,5.0372899826695585,22.191917471005752,16.610296838557424,17.915097840070185,Low
52.108332241117964,45.23619856389196,40.602728557924735,32.07068479350949,49.73572606846727,50.79937697721568,44.8288685379668,Medium
78.54116287211394,88.39103765894129,83.51221971538237,36.19708566227831,83.58696351398773,77.64136691970113,92.42718908276753,High
17.14705510687714,22.052409692668142,21.799700625518156,21.353485239976727,17.67887909231281,8.845295895729183,3.5936285442695692,Low
50.92176368866424,67.50156917763812,52.58225112066489,30.88830943668584,50.26955861616343,67.20814155546444,58.211368557981885,Medium
70.18407462369044,87.47167161171332,95.43794695565092,38.89857109259498,98.09533902092495,88.03842229757666,80.93116081862544,High
6.321853979478949,23.022569395189958,21.275070293082994,3.7614584979514576,38.250846865689766,34.542485912699966,14.103470548247568,Low
63.77692157826034,42.796362243044754,59.412182306512236,32.039621877853826,65.47822116324147,64.2345176855133,51.933599884822,Medium
75.92443488773608,90.01199546056384,76.56996571787485,35.461172951295694,78.10266044476117,95.0986510387837,92.83223147530019,High
2.9044523078681572,34.74518587187146,15.373129226407238,0.9520258034079054,19.19120755023497,40.32921266032287,15.889832647163809,Low
36.372094144401515,43.69155418966318,58.71444137012014,32.851719879774066,42.79591236713127,52.7175387379321,33.71587576311964,Medium
81.47390368382025,86.14927699005767,82.50479082349369,41.814061418148086,70.00034270393836,84.69838087743548,90.17371443298074,High
0.23843038419262885,27.187351860192965,28.607986374100598,20.400865491450592,22.37774855015974,9.859471164607003,3.463789800385131,Low
52.30260462732464,60.34935339431827,49.06267314718383,33.917618004748526,58.96012749023474,51.10405587322311,44.14875213059341,Medium
91.82073486057126,96.68158584616411,85.84885881825058,37.15784266261324,80.78279934807202,71.11132468980377,78.344831688931,High
18.38291845834649,31.448212597581524,32.59549265673331,20.395849753272472,12.386676113918034,18.144808213412293,2.5901401246595936,Low
53.789562109442315,69.57402515466359,58.43272564998942,31.442275513923775,46.67236388215984,54.004952779998064,48.712065475714596,Medium
84.40353953265218,99.00183806870419,72.94824987165288,39.09106623220498,96.8682937217386,76.78509028439194,77.29086998125955,High
10.907612765566764,2.763876229362889,7.574505888371774,25.565470183199707,8.17169964113945,22.394869416170256,7.287097178412873,Low
64.27009602306133,42.565442020777006,50.934994575080694,31.691994949902526,69.3520994776629,57.58696256633326,33.40624797820318,Medium
87.39085852876704,93.11552234194706,73.16931789347296,38.67808861668202,70.20547224822388,98.29713132366952,96.00542972412103,High
15.610866384757374,18.680424993195658,27.371968067647494,21.437735953696535,21.757942566431666,6.005132218280024,15.38770363996315,Low
51.61421132077665,50.62155251486608,60.91452317329862,31.807137210450485,62.27835132356482,59.37077373976166,59.85235273929775,Medium
99.49120417983771,95.22942796949997,70.98844925720402,43.45513514582451,84.78123910331122,86.6273084497956,91.94372605171664,High
2.3356201765483817,32.30545355502399,23.53416414699604,7.745804729573042,25.577464408257278,35.04098531536392,18.275350920018738,Low
61.03150834535697,53.954575621233076,45.240574033389656,30.38241628461179,42.50620169881711,61.477952863739404,34.65547733161517,Medium
96.43208390752292,90.104009907732,74.79962856945468,38.19586487234684,77.623799806533,74.7299799185337,61.775379227088905,High
16.20839375949145,23.54169994159849,13.89283797004336,18.519161199000006,39.189433219029624,27.223630872648176,26.722970514086512,Low
68.7501679230156,40.58625806195397,40.67166513351546,33.53458750161667,40.5370558910664,67.34900187758058,36.84868803974042,Medium
75.25681534898176,79.43498062728362,80.57751030877618,38.729888436827444,72.16298647075263,74.74811826332527,96.17086400253945,High
23.044943734298858,3.70260455868934,34.46814024850824,11.179475971051973,26.220639866589252,27.399208885850822,15.047469845256716,Low
35.790269298672065,45.67331315689801,37.00780395122836,33.605122492821096,64.58494009507302,53.71948399557954,41.33240241557673,Medium
87.4302236330636,86.16667641462132,98.56361023543786,36.4265431935827,88.64204621829867,78.1806549317435,70.57702898818088,High
18.016463176504416,26.18397296258507,34.879870645929294,15.725128034441745,35.568350282572226,12.484727987172473,27.458132659055263,Low
39.88977868136095,69.73042028107625,51.137650595910515,33.35096952239996,49.4607447622182,58.32068856157979,43.3275543858307,Medium
95.10803931303107,85.49414577932137,83.04738310933044,38.09027618621255,72.06387335475097,70.80843582227384,93.49381298457769,High
3.2437259505373235,3.2126419178862924,32.00976490800251,29.925561759925127,8.147634002040988,9.162996807258484,26.814506034985868,Low
54.798221012116564,60.91166881761995,37.89528305077728,33.570248690448054,50.55368460842895,53.43838343422468,35.64085931140438,Medium
93.08229873066911,91.22586273491858,71.77466311092182,35.79744551048818,79.09737700698464,94.59726743198317,78.0698671361805,High
9.20963212087981,2.7529512440951414,21.37324758952065,14.577491657349983,26.96193861240353,26.518052123656744,27.06115765963261,Low
46.133442137886064,60.73978971709728,56.46470095923502,32.36401321231924,46.055946214811,56.009534326929725,33.378866706648225,Medium
84.83493906021009,73.21862536371265,98.80200634105202,42.94485262080606,82.03328094669965,78.09891963313399,90.25563198924493,High
4.027979491044439,5.13095182196781,4.831545067359559,22.21061942355634,15.408690107198822,34.719448925152946,12.258845668497639,Low
40.471876530096736,55.633895809292454,62.93746001816908,33.663221351095544,50.26044584663742,69.1841796597967,39.17274471455916,Medium
89.06163682054222,86.5741584946395,87.42970985534868,41.162049925993216,88.27184596003744,71.93536225926192,61.590624397377425,High
21.55430274884682,21.796528910392507,2.130413617802139,25.40448613505407,36.78616313057299,45.536486175707935,3.762398184853671,Low
47.002828117571156,53.059994844194534,67.40023680906714,33.63103606332905,59.042684645668075,54.1539429009503,51.29563044260544,Medium
88.97349269981696,73.65815306314987,88.3342884380086,42.243463172380345,97.31802173055387,83.84275000855912,85.73447058923998,High
17.36024021374407,20.13451096054057,8.016009642516618,13.3358111388398,9.42396077096458,6.313758879627351,9.642612343707224,Low
58.20836325804352,42.190683562024724,50.95071394879503,34.341093815912956,63.61465508174253,63.030608790258185,34.04226979442712,Medium
89.72134225373712,93.63759784693889,92.21819830598213,38.853930130163576,78.21375671979571,99.94256469310368,61.70653961718188,High
6.030646354041899,31.805841013559615,33.019444886508836,26.92081804970446,11.693280383341058,13.708101109987963,2.3687233222845636,Low
54.83239711776356,66.89625489700154,39.58439780920346,33.753410500190085,49.61179031326141,54.64476154897387,53.31293138302067,Medium
98.02454432718983,84.42113795577829,82.55092566316995,39.30550363631586,92.66412738733337,80.21295240620444,91.79493574682749,High
7.052976337981324,7.865858846851933,34.285239538088945,0.05933703813600033,11.474062335019116,42.243666088403145,19.72814033355543,Low
50.504232146105444,51.58441256815044,39.18090912006441,33.239347580986326,53.65062549931171,58.386666474697336,50.555236123091255,Medium
84.67874123734586,88.650208221529,96.98503406345085,35.41280225681715,72.6947213906901,87.560197140172,97.14285363846702,High
30.526518620754803,24.809310387866482,2.207925984063606,9.848682179912034,38.93561788528657,22.69443616744781,13.056592717084348,Low
51.49202140496952,55.5790071300769,58.48323733779171,33.30313076991586,63.458750468936664,67.31916739744995,32.68789217380904,Medium
94.57495768630658,76.08727939051913,86.58295273245984,43.46050518923146,70.83013979468849,87.4071113090846,99.80079605839887,High
1.2070621332245706,2.6581104442440284,17.14132857119085,10.960507671623338,34.682351152675544,48.827205724968444,0.2896390527756987,Low
66.98817105880927,46.04367939863319,41.09943748678154,30.48303961506469,65.15611174663673,55.82059084708832,42.90194298860858,Medium
71.42540705571332,80.74010814295335,85.13225447413956,38.744837523146074,73.50086559477488,97.3495727502289,97.25714917399878,High
9.520973837233258,26.91136026527108,20.11953707303182,21.689783436977912,14.067125170049803,45.976577312414015,8.678355862273726,Low
52.5249738186739,58.394648579274126,45.76508682710612,33.96961028877151,55.96847796004868,50.45116118095415,46.35032077949046,Medium
85.12729531026282,94.2090970783431,95.62150813456506,42.543880760672266,84.96019843344318,98.34704488397307,78.58319113663784,High
13.01436415553972,13.854433739521005,9.262651996065328,11.837415415563301,2.216072476018218,49.05423256694877,27.66572674879044,Low
46.382664431509,50.37295323234319,45.913653525407845,34.89087485678044,69.03798152653073,61.20894583443507,58.283554050144474,Medium
78.01347200214073,87.12079050856119,95.09630323700254,40.957396878669925,84.85410756462373,86.92377888542242,84.5531260688355,High
2.915619435647969,23.011310425137587,34.192773328767515,13.518234133250655,22.762669129156514,25.17533507486477,8.4567193920608,Low
56.4696851020737,68.18465699242007,38.45878436051537,32.74777846262608,41.50648096056946,60.82630169520223,55.94721698619223,Medium
82.31938173360041,75.40475975509999,98.83552150129017,37.44049780635985,88.5951790236352,88.23290498733485,93.14150880459918,High
27.482883017652185,0.7469606342632784,12.996398046984279,14.941579695096399,38.409534427587275,40.714163287982345,4.0760345750434555,Low
69.94618715919921,50.75480865580536,36.236396998955435,32.30480997912957,62.01534859274267,69.4180676534157,44.696206963890305,Medium
70.10152067552909,76.02264273191287,71.41533600083662,38.89613733878674,97.80073593359982,97.37377761051148,65.32041661713248,High
21.152090406946133,27.93412683637493,32.0482535147087,2.012547060671964,38.188936136312016,2.0226316863741047,3.837539031149113,Low
66.78149077816784,68.24676804048522,46.23294957744817,31.202393098414618,50.47311401079422,61.96170427975488,49.66920591575805,Medium
77.71640485893614,70.99710535122547,97.17643367810376,36.34312872457,78.84236042936578,87.19627815284935,79.21510705849582,High
29.73559984154623,8.454522173119454,18.040499996901655,14.369390827921192,38.74504143222774,25.815330991408537,25.33424946801775,Low
54.95543646633325,54.91956986705816,45.32835441334043,30.148234705694424,66.25375626194351,55.13000809346845,36.71869815146872,Medium
95.81507528210551,73.04816438572452,87.14121133243547,37.455462397877696,77.96988374726368,74.98102777614687,63.01981943756432,High
20.384009865707544,7.659733698929503,29.565905359834822,6.489935541109229,1.8061045653693375,30.047458437902836,10.830926511235825,Low
44.62838424896407,48.043769827139535,49.135171331028744,30.065486348323233,48.97176071680167,68.53622046682109,45.96856372337299,Medium
77.31357225763536,85.30833659183796,87.90383705840672,41.00243910510482,85.96638021774322,95.8446231539517,96.36406748999131,High
6.3785554160624125,30.799428632925515,0.6329095279282826,24.211775194436623,2.057575707212327,10.833332487507963,8.507897279661877,Low
66.6094512259707,37.48682536797965,54.58057725615095,32.87558355138457,67.9969367572842,50.29087101120461,48.01306667309141,Medium
85.15659501106515,99.43347672594092,77.49720005621118,43.00419174970537,80.53793107458206,82.61907194404426,66.41974659527926,High
11.085200795057041,19.82746091084466,9.460062041130094,10.107122668590844,2.0678409620635785,36.01641523562584,27.22961357569944,Low
66.2993504090431,46.299874674728684,54.68195109670417,30.554637918350952,69.59555903888536,66.58520061268631,59.35726587661971,Medium
78.84751154208435,81.86065606793538,80.60374327258887,39.57686207140719,99.65451297684544,97.1763104823626,70.56854497118091,High
22.330236276350373,34.017214321549524,15.449705109644556,5.816102673232985,34.33171932874465,5.5433085687626225,26.90552306066234,Low
55.80096867217631,43.51484374732761,46.96035372371364,33.1177970250486,45.00530317773464,63.29250451826918,41.79280054301456,Medium
74.38373670586736,85.08270040568105,70.60591659733804,43.67378786691967,81.9249160406174,97.3311157115214,84.3011162477866,High
15.856994441308204,32.48922942584245,20.799437473949332,25.579573333998162,24.38534030416418,18.212137819084795,2.4311281295911558,Low
64.55947273863445,41.679792743628376,36.47972336465471,34.25003855785202,45.48641277474827,52.01825518727251,40.01214570887851,Medium
92.38356440097799,73.64680823939196,82.04587474717741,35.83961798026945,86.75163305669281,95.95833566312395,60.38151044460486,High
5.647864764141798,1.686345864896821,6.876418756176557,10.188159779432992,8.459033915251952,42.90521199218187,18.29764193567094,Low
53.034699526298844,56.943240382199676,38.096413993152524,30.96671143551719,58.85688772608026,66.2569116501709,52.28210976363198,Medium
71.42253928396083,90.94393556297862,95.97861196887851,44.99500768754253,81.29440066017818,96.53988924499933,85.24245221965515,High
34.47163092550525,10.937145010745963,29.6581693510722,7.652009690062808,35.30484125102057,34.733477834128756,1.4231927996880112,Low
68.11498928133781,48.84965770272464,36.670364274342795,32.03181029573953,48.18156099242594,53.36136541892613,34.94276708401692,Medium
89.03801285955095,75.83017631371082,90.44938187993166,38.22937472719096,91.81764344690376,91.50155692163047,93.79198661049838,High
28.49945098053228,10.736071881263085,2.2226379213283556,27.568398593829194,19.094334082919996,26.21744786872884,6.778573867653627,Low
38.490815363150695,42.931523044656466,62.34177535231218,31.166590832848946,67.32784384493205,66.02936737238682,37.45759808211965,Medium
90.34794363511443,70.20456003378325,82.80219780207716,37.41031566150397,86.65838687146831,92.70022031565853,83.17479295652464,High
33.59423278726495,16.192484905641702,27.118473234106865,23.7877511677705,5.555654993261556,13.087481453799137,8.930538631864952,Low
56.192611420009996,48.981198895450504,51.63531961589425,32.30573823431442,41.67416216624542,52.26985041128132,49.5709123214356,Medium
70.28085220142276,91.27616051064803,94.4477630210796,41.257188867305324,89.608695951422,89.30990615775463,78.60861459152673,High
4.32342729678089,5.75980158783779,6.877214190872238,19.455040491906274,24.49710615178479,3.7067910598195972,8.874793663352131,Low
38.55241298338248,50.963521565412506,53.346785270149496,33.987112797587336,51.178932290834766,60.28077286774082,50.203238209386164,Medium
79.72352920256134,77.20748482908657,95.74914104267975,41.11421844579425,74.80008855757163,94.26262601942926,77.14496526020268,High
4.096898960161985,31.805191356014262,34.7385450414052,21.423579984334413,24.73809556514789,7.7911317169149505,5.501148267732908,Low
61.151781454980195,44.26481798623141,61.250588373325755,33.893529210078185,69.14348737982932,57.57113524856119,41.3719768995607,Medium
97.74015638330755,73.15768449658069,98.24603580710883,38.45297966962609,87.4492485766916,80.52498519655046,67.5678324975969,High
12.968099136226602,31.058355314223093,27.758790028392447,6.7459388738290285,16.70307924257663,47.119153499415084,19.614904207840347,Low
56.5935778610436,57.099056250326896,65.58594854170673,33.512615005943616,46.127257929074915,63.23780117706322,46.53952009420945,Medium
90.7810514383182,80.3789694474513,84.14198107908179,37.80065724817706,84.58131510321877,80.73638658539765,73.9735583000987,High
12.146205927164374,20.172836532629564,28.790390265480266,6.372656440033902,39.75546263916383,44.026658409157825,4.676735534374289,Low
52.654885967456124,47.37488443034239,59.405522571983454,33.22172829375749,66.03757167977899,62.858390086255184,38.17528760537748,Medium
76.74618462262643,90.42256766188744,80.84546575557889,41.49667091236803,92.17026873996105,93.28487036527393,79.12656618235576,High
12.758391361754638,29.18846330988431,26.868760849382,21.89173702950508,5.902861241147654,49.05974992559995,3.1147493084776654,Low
63.15075429588173,54.08433710922937,45.77676857298833,33.91706429375601,58.87558343747925,68.60120069985585,32.373616446530306,Medium
78.92305980855397,85.02680060989171,85.25874111135394,43.2851984223119,71.55261283299788,72.19650248896194,60.48292020990481,High
22.44772043687207,11.098601599727237,19.880212731474646,15.632085439002939,0.2300768645660467,7.399901222422011,8.323484065775293,Low
65.00322102757332,56.433404137590394,66.0850634942796,31.82755994450701,44.434887444522396,64.89227967316981,42.394053361278196,Medium
82.30289950819554,89.57217507563024,88.07173740130693,42.966371312699756,88.703416250782,79.40495195734695,69.99177904340124,High
12.51953319002058,20.99017002167843,33.045520962931114,17.75342177439404,24.343081701333027,46.6186370335397,20.509131503898956,Low
56.23729886880378,52.025369769481195,53.50835316370362,32.50714968180055,50.71540710673619,64.3284199161451,41.61814551127527,Medium
94.77493547143256,97.92400330042308,86.8623648521563,44.21753809330703,97.5294097595383,92.30421253395289,97.29964409172595,High
7.421469345244008,15.831069204722926,12.224097552413935,5.2337877044838,28.761905861698303,43.73914994990316,20.290965450864284,Low
61.33217861044267,55.0420744907628,37.3145157417815,32.75201208238179,43.450449315766846,67.54796590644035,40.18787566837135,Medium
95.95258229127101,89.61829195602813,88.98060272603858,43.18967781738786,82.36510711410591,93.71244811530725,88.66747016017837,High
14.998693601628496,10.51128724638701,28.409393159445553,25.60264682054666,32.9890777220148,18.983523212760822,3.5069837731919296,Low
60.903915065427825,67.94271017931867,62.166003615781065,31.430772564583762,52.562947075060364,52.924910746058025,33.29556990100032,Medium
74.73146065074788,82.36865944819206,71.14553950803025,43.07666280468628,85.20687866302839,94.29401425875824,60.55556755263814,High
17.140996619507966,11.9939640217075,32.47176957565865,12.580427589405232,25.824340107069045,39.44352509110966,13.561568320848943,Low
44.155594103902615,69.4241756035997,40.22922322026944,31.628839815893194,52.69543370645097,51.78533463097619,40.91934671096241,Medium
93.54764709939123,99.52388443443878,78.91717338736915,37.72202583731208,74.40273802885564,72.77150419484265,72.17891262934168,High
13.922904975093903,5.2753533093996525,13.227141946092244,9.869892339310885,24.775747977651115,8.903900721817621,6.336831974370528,Low
65.58229281391117,58.87822044344397,61.33506688953608,34.34331221433143,50.48112163110532,68.6487849385879,54.312735547805104,Medium
85.46959068450556,95.37298793009683,91.35752284924651,38.254798834719764,77.6725254733214,78.77411135715002,95.80329204995067,High
12.255089588579992,31.744764798849484,4.6058985465946565,8.135180262242748,20.670442570551465,24.849926355989954,9.666023221924014,Low
38.83821705223242,39.839996301304176,41.2171717412882,33.27743716074199,44.15619391636523,58.40647127083578,39.24986680693489,Medium
79.43251372013464,72.69839697398984,93.44061814933482,41.082467699286696,96.90725668062603,82.635389857033,74.7441863850196,High
26.570526510062752,8.598772167508015,34.775820210481655,22.72643867072132,32.789668290423315,12.41392592245958,15.459680133380157,Low
51.077167703778,65.55378565878625,46.17262480959481,33.7557857194982,65.89298434328488,63.36814912044161,51.55116586056163,Medium
98.37785528862958,91.78365163437654,77.44974852995657,36.64451987280254,74.06520247967796,79.54339315974998,69.20503461963357,High
19.440247175344965,15.712349720554306,2.611836534655057,10.960816376683287,21.41851469466511,42.765418407407694,10.418272835933077,Low
55.980034112121615,55.72670026057679,66.36947543164393,31.254207074245926,46.89640231942054,68.06312603640427,59.351299466519094,Medium
85.69783449614962,75.56055951955463,79.45215825112189,36.079012708266184,85.52912509738329,73.17701135131588,94.0190355966667,High
11.898473992409766,32.7891202674235,14.515049119735236,12.21288907400034,3.526237435304349,32.010268362702675,29.979923689647013,Low
40.54564057414426,67.44124907841771,41.40351363050855,33.10693362986477,44.922141577741165,66.81019319481962,42.11777263528072,Medium
88.76101015648042,84.56660679636525,83.2366202980414,42.08746033668222,89.68067727020096,87.46898767406861,70.66135992350607,High
21.81966794119343,8.855853500880679,13.723195870010521,1.617263490032741,17.621681585347257,16.09695756328723,29.25727926541991,Low
54.6737672823254,39.894056968138905,57.7537187181633,34.609658091483595,52.072684400818844,50.25727511866349,46.504794595878664,Medium
84.57270821854229,94.49943984970258,83.95267976117259,41.28527529123586,85.22655115863121,87.62081637533227,64.30024328480793,High
33.54534123668499,6.207735367416737,34.12389273382267,22.09408095204872,20.237704318774657,31.70312928618507,17.342080573792607,Low
57.77553095951163,39.46809289464369,36.563084299760924,33.537991310785706,56.07257932773824,66.44041182436146,34.204160115029005,Medium
98.20267892403264,78.98052794776663,75.24797819235827,38.813148375569014,74.52412126833028,87.57627858051394,93.25857475513095,High
4.141378101749405,1.3292555097527503,33.735292671308656,29.307675665558595,13.181712978710717,34.27081878900189,13.242035350046823,Low
62.188524999747585,42.96721631781126,56.95620248772843,34.728430971264,50.118938483939324,61.12608775392312,46.56292646206282,Medium
80.34198590032713,81.69224562671256,83.86113468987202,35.49029428703307,73.24299589192118,75.20370141437778,66.28734580415511,High
8.86623373533286,10.532517684154177,18.681374147081538,14.615800702706068,39.823580709695094,45.108773925580685,25.526383454527323,Low
41.85751569493342,56.6639434404927,39.88805194276285,34.009723343477454,44.408422020944975,54.87969291649571,52.43175878628968,Medium
89.6897291878258,95.03965970410374,82.67974635021827,40.44397036409205,71.66330964020722,91.59856940180308,61.69990929225675,High
24.106327586378605,23.01533716628815,10.988433763025192,8.584106231438193,39.929941436334936,40.50322387834301,8.533247300689386,Low
36.92756765531336,50.53095583597743,56.989888895936396,30.513982644138892,44.59960672705986,55.01625159091857,49.65932340243668,Medium
88.70163460261277,83.40368972819512,91.31352890655013,42.277404864551904,96.63675871496645,82.90627826740604,60.99969035395188,High
21.15332198248666,1.5722178783434733,19.952705819208166,9.099115401491977,3.172084647836706,47.799693730852795,27.369434592832526,Low
68.70773142066767,66.64662048844676,45.60198540029062,33.21442458699146,47.58448827242492,51.509404787610805,55.304846471233944,Medium
89.14072554481177,71.95833016517328,70.35434113919814,43.27776765633567,76.44441371192863,80.14918515883357,60.21127616835511,High
21.37562600706918,21.149775171786693,4.008629336683958,7.5185994339901026,24.534758959108224,39.647865298961456,3.171361472658216,Low
68.84782461660524,52.96924324751846,67.90503890340165,31.265737801388422,45.54002248921126,63.56382172857453,59.34080674424267,Medium
97.36208290492311,98.0294635821197,91.05381057436557,39.76790102837908,77.91156763012546,90.71653734840893,80.04064374103027,High
30.578667762560137,4.381008279965091,6.056656787944626,23.93038929261566,39.32042962693282,21.22949686111545,17.899258258742623,Low
51.197080320937715,38.10891393868109,46.4038689987543,33.13364333464226,65.41082958817509,64.28890817453333,41.94666110658611,Medium
93.38629674955584,98.12493464966836,79.424999583624,39.97735781445595,79.15696142345976,99.40612045230866,60.57784110159727,High
8.149987741999432,13.81862481036571,3.0110950143654174,4.423092825557743,19.258616421744197,16.74503661055729,10.451002805343892,Low
54.375173018129566,41.07108371175744,55.547992637622784,33.46917361481307,52.51798860727408,60.68388685825333,45.83967199625479,Medium
99.70699968854953,94.97263693661428,92.20558180756407,44.46550151712129,97.27311656741513,84.50880243246856,68.73112431664002,High
26.12738183160526,23.96144143607909,12.118744486502354,21.25905835486066,11.13366349741614,7.057696979059086,9.002186850999415,Low
40.00512708005939,37.33331103806903,50.25797858261991,30.324055897171426,59.3319672839697,65.32990742987633,53.380459125978014,Medium
82.88064943862368,93.30041638798116,96.3726828349522,43.7089942912433,99.39496539993623,88.80193951405255,77.75605535989115,High
17.772074755964006,4.641737216360347,30.175890152815487,7.271109926248169,5.120623768276604,30.588305848762726,11.426897876525484,Low
66.76815961240214,45.47337865929891,56.9188762855256,31.16522412053186,42.23851178671658,62.22839405883245,47.8177087757454,Medium
96.28058537637136,70.83461919433358,83.19077400818863,39.38992367593641,94.7989144564257,96.36881315904479,64.90404788950536,High
16.44008389554056,31.74136086954551,28.654277600111694,5.2996481541613685,22.55515805059563,25.56437574657753,10.272932860327936,Low
47.29749309694697,61.584623736876864,57.97810711582147,31.349838502991986,63.27475928163746,51.22919673467165,36.918574817302996,Medium
76.48313573970748,80.56860953778751,78.45383423485248,43.30966812999312,94.01775098236496,93.77576668469378,90.91694432475859,High
15.463946526155674,19.944285896414375,20.92191724287953,4.087517524810396,11.101044837475804,12.47478857241029,6.993429382930653,Low
65.17682151572797,40.91856792060133,45.154009384260775,34.39036644056965,58.987644810068744,52.76691079446503,46.382955790724196,Medium
80.8286798673547,80.97521732713518,82.08441938428741,42.250931551530996,80.51950934707449,89.37453545886763,64.78972218734967,High
15.428771327606386,28.708512231979025,11.275639009315148,12.226542602346063,6.692472514411354,13.62108099539991,26.92493749330529,Low
57.65003187578306,45.511541300931555,63.881122280403176,31.404737991681607,51.68094982958001,52.95986107472747,50.739093455294025,Medium
81.01487287967922,80.15437182713484,90.92258497729952,37.84694337346611,75.56567567295627,93.86920069117241,87.9706327471483,High
20.61448046895087,2.90688271433122,9.04012036554709,18.710810996528608,3.7873204888517664,2.650894340311166,20.2378447834077,Low
63.79028506627556,52.16092182903364,58.23084263017889,32.95189206781309,55.756929590047406,68.26506455568386,49.34994618023529,Medium
87.05153935395168,73.73101186929799,91.94089657750605,42.03777964453186,74.74370452999985,92.62740307630071,64.10282397405516,High
19.79901325028634,27.61327029503219,22.579645074072562,28.123185137255934,15.410092903293734,27.76358116303987,14.974909099746634,Low
47.069269398089844,38.450762361961125,50.98229683835384,32.98968148562586,60.91282086387001,66.73169335332003,30.633254828328862,Medium
95.86566711382767,76.40861112113159,93.07968337084654,42.7032169545744,99.83863313361371,86.22896979814816,81.61266514175023,High
21.992529953833465,17.988236041168562,21.453438332387396,20.610276737278827,22.342445608266427,17.936380366687278,14.190196072482928,Low
47.95269252706118,40.613535250025684,59.762530478041796,34.039097206072874,68.86758535471498,55.876405116380354,56.70007400115069,Medium
81.74088510819514,96.66638979466615,83.79731682960175,40.56721963370034,99.84324840953086,98.98598962828213,97.05765294458091,High
4.732731872770753,20.75867988077957,26.364368744403148,11.484766615602483,14.32516514139607,49.63773437772564,4.745671185465766,Low
68.94942615324237,37.499853786304676,36.44123634981342,30.6869569623223,42.757419846341136,59.45885331784345,50.14176931106839,Medium
86.95143878341669,76.82451257366418,95.81805923167292,43.93664815345787,79.64765545531148,96.5923421790551,90.87050786740988,High
21.762327785565574,2.4109958175291406,14.665180611280121,15.001757653119412,34.043932943294244,27.376514797045353,17.920000565582697,Low
47.22590964016712,57.1241945276676,37.487862001430784,30.561400687280155,67.82401884165284,59.20342967993249,56.44596673361096,Medium
96.35136164479462,86.00050880825661,91.59269199464224,42.011705727921296,75.80367791566508,90.81084991284192,89.49619660070232,High
23.761140618255087,25.38682941878802,1.4189064861248308,13.991408530739792,11.967188139150412,10.912590419870321,22.35820465150905,Low
41.43473006148244,56.57023224332287,65.01967768236763,31.56747751243394,60.752820133181515,66.8190806209895,42.41405837530034,Medium
77.64453499754961,87.86224757309346,96.66118841289973,39.374610448563104,76.79702165560974,71.34445701939643,61.57639326471238,High
5.861161940998424,29.915802592629223,18.248559741546305,20.87242212599704,24.737047742719053,32.81957548209753,25.527423699122885,Low
65.515658961139,37.46120315611573,46.70858321590593,33.61427768162561,46.2343957504255,65.27484361349856,44.79528651560703,Medium
98.84602815124467,83.76600090423241,88.66251774558913,37.87196841614861,92.09658381557382,87.736935089149,65.25411600184484,High
12.846253440312456,8.449208580755046,3.739318296260871,9.775795499315569,34.17025793706196,25.010987994466323,24.093453608083973,Low
58.7612220074376,69.05291746898322,52.90172375905529,30.742048878437707,58.97602879826948,63.78848756017189,37.844322661613376,Medium
71.82474653872035,77.59687363804599,83.77710487391285,35.35744760420562,72.25645449997438,91.97476227205539,86.52949378003723,High
20.815956777126047,21.288934690307684,24.52558739607591,2.2888541628564663,20.192515545716635,14.529708219741067,16.81974592012943,Low
37.528393617151615,66.51075342074333,44.64329868391131,32.11460230038363,68.76012391395876,63.98303986699724,45.20771880902987,Medium
88.53637712727189,98.13421091565759,76.59426165722924,36.97219199528843,91.53723786289945,98.43810712031942,95.97925380588389,High
23.244584672376302,10.038435101493812,1.391082843598999,29.544433944671102,32.33762142349996,3.4982235877822285,24.377270805510776,Low
41.257296239546974,43.964519926188935,67.7811720037315,32.310852353784114,69.08316293792709,61.589046239491594,34.004320588957775,Medium
74.77403232509974,98.19539507924667,99.85129178462545,39.05986189808426,93.09109919703603,79.05478154266301,66.44738794029539,High
1.0619376063988595,10.1447104048441,21.384726402396673,10.011373877753524,12.162651726069873,25.91700348105727,18.188655675338122,Low
38.26670392161612,42.63393338547462,37.64407382457215,32.91753121289035,50.04707148374842,51.2822609169585,56.01892905729471,Medium
78.75184006563411,72.71397437594491,96.21191565203843,35.865716911660996,86.81485811128829,94.16625681008878,70.37176905237568,High
26.336848071121537,9.188301749318242,13.655221086996153,6.15021021950005,35.659163137515385,16.724511039481076,16.06757807312687,Low
40.2118843971587,61.13597576517873,55.81306199780383,34.13345427558402,40.02196745577845,56.5174729790299,51.33890567742745,Medium
84.34907310134626,91.4072622241482,74.77403297347584,37.2715813099562,71.56272831339895,84.6951637562729,67.30241013384958,High
4.121105764723239,32.720886911019434,13.039535704100418,9.425646538687115,17.01591817026991,42.85070208819136,11.25577319529894,Low
66.56410127169246,66.82037100006403,39.26911878191335,34.600935081615795,49.56232467866933,55.63978395322531,38.45345941945223,Medium
86.07676787194603,88.74005764924328,77.9825207860513,40.00811068477062,78.07044554477473,91.95406940710282,86.19312080609603,High
11.85718416851556,5.113949048391997,33.67278598926082,8.758565646348705,7.610656019627644,38.62352519212854,20.964547525196352,Low
59.32469979484786,41.39592139035442,41.872027395385416,30.05882007005465,43.84856703154339,54.838498833546254,46.812802854831055,Medium
96.10812230975519,78.62360307539257,85.7559400734796,41.53632555459548,71.00021762055363,98.32366049817647,91.45718209982635,High
22.64040385014155,22.211364898302616,34.590784770229114,19.133420738289534,23.120511506998763,45.38480016364726,16.222133872028998,Low
55.561914783845424,66.37466036522505,56.657331439458915,30.639768936678543,63.844431806968814,63.48586935718536,51.04181486701681,Medium
99.57873976114408,93.45319199720798,71.19482091155324,43.070380063122045,72.55027748520988,71.40451921552624,71.75809799066062,High
26.6650609350665,2.240096153336731,14.518717581364463,24.531372744967648,15.983636325959939,22.695352628799583,4.142565638921002,Low
55.05490524635782,39.629227613141545,60.43403956884296,30.071725710386243,43.395739572838224,54.78758373467655,52.684959048036006,Medium
94.22825895963288,76.22000342353701,93.84461163042299,42.36078007806442,75.03672134838791,77.84510874872507,81.35170350944671,High
21.73195510239432,19.036648477455845,19.132194240150035,12.311053950927795,30.939089511870076,24.633405906298773,6.6057111991791375,Low
42.19769500510032,67.03783064593837,59.08617809303064,30.391746427592263,43.448970858010554,56.92091835869799,55.287409569450645,Medium
76.2403681601385,72.36638760533572,85.61088770956493,42.768431107601934,94.37214866689584,72.8050204676804,95.0323734249867,High
11.210404633496957,11.473242309736122,34.58808883493403,9.275615502058908,11.30074514427886,44.05333176634502,24.712274979086704,Low
49.02094425103227,60.6810244016653,39.721507140250075,34.32390136647811,68.20338336021152,63.40975218506192,38.93717332630344,Medium
73.00578722000245,87.88945891260249,73.26931554755572,39.73357582369729,80.10706845702643,79.5336812817582,82.98621471787756,High
13.641809579768154,17.635851566368622,32.392140044170425,4.01903405837991,26.88487929469197,4.539828745118263,26.843311969975115,Low
56.40957439813073,52.641014848674494,50.45147164017148,31.99272022219935,52.74814983078156,57.48753910640161,56.6077133167219,Medium
84.85097661243239,76.50349971215168,97.35190377654104,39.16362625339098,86.46994655158038,93.80423552872017,85.24013117649231,High
5.894827715869115,14.53134113983537,24.76383854325555,24.320838138048547,33.67576047608787,30.254506334603732,28.805624839142553,Low
56.57264145144511,57.00576157765567,55.67756779024884,31.916410177262836,59.083020450338495,54.97055081229144,59.21438487572199,Medium
84.10963234413813,93.86732230466934,97.34324665004453,40.82441657681255,94.8453019765621,85.55392666453682,61.56142314782486,High
29.093969565605903,15.594597638077513,34.88127602580464,11.936174056168955,17.244176520146624,28.50808334452059,13.945702867249839,Low
41.4677155628827,41.38888771347302,37.72945770505921,33.57629389690651,57.12482091218295,54.67264562154468,50.82043346472393,Medium
87.69839374128745,71.58481036016722,74.05501735624323,44.31004076955593,96.24777750390732,80.77981475143623,73.29523248752382,High
34.50659977669729,24.335976608887567,29.38080352770666,21.336684803261114,27.513399444642303,45.21320919552137,8.308336113453727,Low
68.2789521094427,69.43207382386228,59.78000249529438,32.34061410440299,67.79306603028242,52.249200344168315,41.268772455591815,Medium
81.75279057114957,93.6567174685012,82.11925876363962,41.3489520735579,74.64165900959792,97.17956836585037,93.65206029111873,High
0.17222543361903875,32.210743403252195,7.951360850133849,15.216602537764581,21.813453557885957,5.226968898360323,0.626827511343,Low
42.0914376496074,64.21564480072567,50.759965924668506,32.824085104593316,45.061202114384464,54.740947081274044,32.5869082601869,Medium
84.39670204521065,90.65941862332983,73.5891828249752,36.5942341455123,84.781972118742,85.24316206069655,73.97692627277662,High
10.879008903762738,9.10536005326928,18.66086420985147,11.213518291745055,26.56168795541103,46.94433558114879,26.004767624371617,Low
69.72950121850678,41.44301517642982,53.85831939367269,30.096944555553854,65.890256602312,67.41174253993597,32.396796597843135,Medium
82.69325739091656,70.0088802628383,98.20111687349895,43.179842326126995,71.30451171364123,74.64412382659118,72.08197184809728,High
24.824963769144308,34.50457478248508,30.315130788183406,26.77364624738675,29.275691076794782,18.544345841217446,12.304292766822678,Low
64.17864561077289,44.61858599893845,43.77815860626154,30.01519897664514,59.33519448668167,68.11807358064861,44.54259938432889,Medium
93.6660251455284,81.0134448155687,73.8428970569054,36.41637539528717,97.92083833995146,90.53672498895352,78.7381546594175,High
26.422384098814614,11.115146614791183,26.83141196683142,5.80718244129232,14.272227806739766,23.56307672303521,23.378999731031264,Low
49.39770488038333,60.44467311191659,51.735072614715826,33.328428816240375,55.54614219182092,50.09687288222785,34.56897948324551,Medium
77.1139834239765,74.58158613101084,70.91617418453578,40.6078425911866,92.59940020011574,91.94289744582346,80.48950914356897,High
7.810929026263954,27.566082980029407,21.165862331225647,26.482479507698805,5.363622991526933,18.261787395075707,16.549625635418547,Low
42.18838831849097,50.29777042928467,58.682506387214346,33.558968053252364,62.59679257521015,66.5105959840927,39.822727024303816,Medium
89.74873925428426,70.4579852698304,96.34807803137676,39.00276711508387,71.06666310184119,78.1806788395104,60.31101491200446,High
15.417722299647734,26.386923306703927,1.374310199972128,3.382813904375234,35.61274142931741,44.78242280595107,13.370874901137737,Low
67.5151081273635,41.314934057737716,35.941537974198326,32.61064160410034,51.859411525928465,63.564518901460175,51.65449232817731,Medium
97.06881514066094,96.05414495981242,86.22044387615021,43.45069331323669,71.12546699717836,85.62624880704269,98.65439719337921,High
1.6844375007240036,19.26615153394503,27.333143916927582,10.283096267861673,3.038766543489153,27.12831400883587,17.863406442749945,Low
60.90519855552666,45.00535767257368,67.56712971741541,30.33323355796371,61.39524208098046,66.38115326677861,48.41492952109874,Medium
87.66666731808802,83.35555564601619,93.98613759457737,41.753848511372254,74.88705427276784,96.3952045819527,73.04284617554534,High
29.423042567527688,30.08419552083211,23.040396191698857,29.484447123418665,18.608700179735248,46.61650934580633,27.3695876449847,Low
61.344378211540395,53.75834080967556,62.63931990988959,34.37791606734974,69.90865940383637,66.10760571995665,38.92363068335351,Medium
82.67416330638898,96.51182558158817,83.49181493916885,37.414818171095455,84.45802049847623,97.85527888861843,81.41629303981142,High
27.161499983256576,28.29834179230062,19.127483001629038,26.05068672428863,15.231970596677918,14.886480801213548,4.902025764194354,Low
65.47306329976763,66.213589700273,40.13207487639661,34.92587725488744,40.32384831161993,69.30885024039205,41.598872228663446,Medium
92.95949193499763,92.90313826157151,97.15156789086593,40.15032048404078,71.31183869435145,72.90692970412725,85.91847607988484,High
3.5305658330500655,11.391567955170823,17.938831559518817,16.27460302184097,9.202637139197227,44.52410581622464,16.631923858723987,Low
68.74346343845733,65.79897850957572,50.983715953618564,34.092717014366116,42.6243767702856,53.36133649452535,30.34248986162387,Medium
79.96852126769937,97.43033357326722,70.77081270037925,41.46606931054532,83.26406177090259,98.24844774061404,61.262635192620735,High
17.612922264775978,31.176609140996476,9.530637221262383,5.8319637433635405,36.921737791913166,18.48994880779821,15.574652051856855,Low
54.526966047677035,45.604283217690366,47.07285678421128,34.448945858353824,56.80890239305425,65.5631855471747,46.1186219727794,Medium
70.5459949179687,84.86707792547044,90.56726113264575,44.55035363958709,93.23972166299481,88.60143905616174,85.5920183439544,High
23.84394448141474,7.379550784518389,30.84134215210198,0.31008052310623535,20.63840144693571,9.32876251590707,9.700336495367088,Low
38.01435082068737,53.012745935933225,37.98507718912656,31.423860717094563,41.35623647977391,62.618771655851305,39.42796338423817,Medium
74.90855750439562,88.64776399134993,90.38136753190679,36.7804830105319,70.8165670178413,79.39589792725805,98.95620688643575,High
2.4162481488881733,13.589869742020463,32.52867107888291,21.930915591387954,31.174546561067054,48.196491593157866,7.652180608346751,Low
48.400897483518115,59.459911438633554,50.963570771295096,32.13720283176867,66.10078856281886,68.205027409735,41.784892499948754,Medium
73.58512147559343,72.25328017250177,90.79014793013386,37.458525946951184,85.47724016645572,87.50408334052275,96.86625400576462,High
30.22016498019989,23.13875063086003,34.276745370170964,9.239103853133802,17.158638197704295,6.228660906950906,6.960652656570864,Low
53.09070046930658,63.695522223920634,42.4299821932061,33.450938542439864,44.453069053684544,54.36576537196525,36.376179635693916,Medium
87.86456233890526,73.46750248685595,75.86266989103757,35.537112052610794,92.21939241296562,87.00576789368729,62.044279053056016,High
13.4211609380324,8.830528818895528,26.938439221908936,5.968239959841998,21.44672241957228,44.578686330999176,8.547560558130074,Low
61.33188463270566,43.9399862627005,56.14375821483014,31.253319427518836,56.081088810893675,51.2018847590466,58.73270182907567,Medium
93.64714336837476,75.64718134348719,89.40925675311414,35.50514701996259,74.15344467681946,79.7887223033539,91.01359981031322,High
26.527327036258193,29.5772180921752,18.458321063791587,11.944146470302806,27.560541273128866,8.157355842968345,18.56153676343716,Low
51.35472216932001,41.392256589273494,62.529491439701616,34.95715900578193,68.81455116803394,52.42952477855519,45.133900602055576,Medium
80.55478823888377,76.37782754118183,72.72623455132043,44.22716442995753,97.97346645707745,71.5821753111159,73.13293687290933,High
1.6354476454756877,1.4558276637917063,16.51438870501998,7.862970554372787,14.904421838924243,8.599320674603605,18.7037688519263,Low
54.538481456087716,64.5573772169858,35.05411859755666,30.86093616491106,44.66822533278215,50.03968009123505,56.64499384614827,Medium
73.75792319102358,90.7207647546399,82.22872632037163,40.292283997912335,99.53341947733183,98.28850687037128,72.46349916891768,High
28.886465913652085,29.822529282433976,33.601504497597034,18.58915886505979,26.757139128425024,40.209347789595675,18.620254923937523,Low
54.11676614949767,54.284419527606246,59.99035686171142,34.43058035361565,50.85723609080733,60.8239902740267,40.790848571790946,Medium
89.36880697583355,78.43037483985691,96.0663222524164,37.523553811791615,88.36113261370984,90.7063060491632,75.10165762170058,High
1.1172603953487843,15.813471590742834,4.605987995283222,10.291976373705175,34.52981626506477,33.91631519087089,6.492271963648623,Low
51.5014336139433,60.87542274906433,52.49031271673732,33.27581287142252,69.68416223448413,61.64332109236741,59.10138347819232,Medium
92.86243921395443,96.90035088460644,70.27324565102965,41.1344375229057,84.81505641165202,80.20554873628733,96.9746910030573,High
16.068924528935423,33.19834821549402,5.604713206450675,29.214382721857564,4.736820122765768,30.656420105300963,20.988503842020048,Low
42.22456935079718,41.358158960113954,45.469319033661,34.15935564351719,47.38905665795326,53.74008161071771,35.850595364779466,Medium
85.64889267084453,77.54787657077205,96.66161542730063,38.375585083633275,84.42608237809971,71.48237544501917,97.32362860767012,High
28.36085447192318,12.002697593444962,12.260219971924032,20.202251557740468,14.152051214739796,17.444998283202047,29.685278970737322,Low
58.74725540414751,46.54801876981671,50.17451801811137,32.99899772828238,57.56608547861778,62.47992026990621,52.44208164961671,Medium
72.68113938296834,76.78711847504375,77.37115473478971,37.311714174709365,70.04194267650031,97.81771339912764,97.39167783736923,High
14.185005651283964,25.769800223501054,0.11496980278111357,21.694263700633126,7.907933160110203,24.844791784946157,10.628511790764056,Low
42.65846853014794,51.384071586656795,48.32784052358621,30.18661490828244,64.13769157538096,54.60544208243766,45.998948577642054,Medium
83.73818667024355,74.27722713669911,95.14775070136236,42.8260251782587,78.40584562869425,84.67146716479634,75.9772276070874,High
33.25491352113692,2.7573733182158193,28.938885259629554,10.251994160639349,2.258799737493722,23.155538744564435,24.87820547308124,Low
64.7404181865935,41.508610106399225,49.212008563764456,33.05477479235044,66.4070905512582,50.61240149700145,49.146723951059315,Medium
79.18732504305363,73.53858327223095,75.27893191485445,41.52458912187921,87.79486176382044,82.51795805241092,68.45984393191203,High
26.125737076619732,18.388157801310072,26.688352617574864,10.851186239649898,13.230637966245954,47.62994413115141,19.476400464339438,Low
43.26784001570739,48.539786625318555,57.04258974078104,30.70769837026696,60.2266851074869,61.71208105063554,33.23516626239053,Medium
85.87826555296294,94.2733049769746,90.95298020218361,39.094759089761325,76.60123488376568,83.69151181259718,64.71126249776599,High
30.72009220916928,23.464206928743835,15.661809332184808,28.91242774422683,27.56068874950577,32.58833812982523,29.45845549893191,Low
40.251382678250316,35.486917983650585,39.44378801927318,32.440342175230604,41.47544215947553,58.553012528256964,58.4251444250294,Medium
96.13202375381937,91.4529286672707,84.77280992593346,43.611567610713266,85.81785393173737,87.69198377457302,94.33050080668804,High
23.734581302550843,10.0754984691322,29.154066200202706,14.31788511591845,36.009126010514485,30.5362945051529,22.116086614141533,Low
44.33160464985762,67.99269364663266,50.10037408477619,32.37511713957222,51.304581296206194,65.1387146012148,30.84731927492247,Medium
99.87893746667898,87.64319308545515,70.97993085566229,37.97574117502558,82.02140905365512,73.61439716951149,88.24146810594405,High
6.23600338747547,12.175471464546142,34.212935858086254,0.04436887023160141,6.365103561716019,45.625161531336076,5.627456672582369,Low
52.76722079088162,42.54907545318107,47.1187775879653,30.2428608053828,69.02128520670183,67.0074122621468,46.93321385804982,Medium
92.2110712145041,94.74645667068299,79.21401748120348,36.209164024106904,91.29276444594478,87.76300320118457,73.3855283304079,High
20.109800020375964,24.038891219391722,24.664476796338956,10.542240905327194,7.656001533794612,15.509346483673337,9.930270390406124,Low
61.37175857493525,65.8510900695575,45.847415635741356,33.58316509547354,56.05878007634254,68.7068125564834,51.798480642490944,Medium
96.2609317361598,82.29498269459056,88.08688845175763,38.137848368259,73.58712678734227,84.77663839829523,77.41742949967858,High
20.467248417221622,7.564382595935917,5.762486712439011,23.61757046285479,7.0958934637289595,24.21961842611739,1.9944803417588453,Low
38.69969511404264,36.34123911246983,59.048146639769186,33.317933145503545,66.67175796268924,59.99394334445098,40.75858499476632,Medium
79.32769841128938,95.80724444258803,86.09699426058741,42.225533708080434,82.21942901595932,99.23599746033278,67.11016585809612,High
32.95970688080114,17.242507682248167,28.97739687152814,6.204460217196704,28.67960420859969,20.712184167858215,26.929204124150445,Low
54.86165916809995,52.799029595965116,36.094773423573486,33.577311989440304,61.10325253132318,60.90810423148635,37.43116891109173,Medium
98.49068805322874,85.03284374969623,79.3701962023487,41.36313579799498,83.54443231967663,84.72982369391488,63.045136600266375,High
12.682415564384588,3.4850466098627653,4.468636479318564,27.09525128963245,39.2877290078406,34.361011820548725,23.571399077783845,Low
64.71485821580224,45.92168011076363,42.792653320432755,30.159230192346953,46.190437030260085,54.22052198627797,41.543138105361734,Medium
72.91313070458948,78.47232639967484,82.17334444437311,44.368572547463046,93.32800183304788,74.92957860099679,88.04193002014604,High
26.199336938048255,26.183197093190177,25.143952954828084,2.377922182732858,31.186261786922334,47.9258956999568,1.9458968236965213,Low
56.056200499012235,39.8548867134495,41.30414991986474,32.28611525533791,66.16457130926727,55.36593122658091,47.70526576988597,Medium
85.6620209823388,94.29885428301094,87.57763946903627,35.611219560093986,87.91644362968074,82.38457490681819,78.5131748846364,High
8.970281033701916,4.13107207473397,34.805873546560896,2.0942585088437307,11.736571649384672,30.21352580759445,18.14757272041998,Low
53.62674348835565,54.54270530462263,62.71149977767598,31.93953287795422,61.59969394400481,50.72811532687461,49.6113228220982,Medium
86.29549348524137,74.14911524649926,86.84012919245646,35.26920083936587,94.3935892890617,91.85615381215065,77.78905352254124,High
8.102088506207505,25.942436177287195,33.814651579174466,16.710185948665888,38.80745593620344,8.697065829162764,23.088940866468413,Low
53.30488394495218,53.60651702551739,42.79247826498086,34.31265155222308,59.47262348593047,54.966274842487245,52.01653402197293,Medium
84.2649429827374,95.79490846883269,85.18275249773242,38.2994190416409,86.73798108041129,76.88528197305045,88.96462228005859,High
4.865502669473665,12.723875553211464,3.6353988653260183,18.664885549163117,37.96877724420476,5.275191089658321,16.15953932657884,Low
49.475903497109265,39.86038005477214,54.14605875606654,30.834110720405146,66.7264433973676,54.112460294261474,47.59332241402163,Medium
85.43394742426013,73.7786265828063,97.99764534354918,39.39419207491513,93.9387579563791,91.26905595142703,82.54679009873477,High
23.38458572761551,14.570429935753634,34.181965729220764,11.88383978412004,22.65062540157508,37.711139532889284,7.178145089784,Low
54.487437923494106,37.27887650504388,67.34572826308097,32.70733657425694,40.141902567723136,58.0260290332037,37.35394868013239,Medium
74.92282346121557,91.45582071321238,94.76150136107435,41.5256221694794,75.60612455046746,86.38016761003098,85.57806468281213,High
33.07423557123978,12.32009928259777,6.40924696779417,28.317876555324954,2.3395856408373206,21.957189991760963,26.40374393114099,Low
47.89413379638175,45.51655360129359,39.52106643240587,31.868583746862406,45.23246527597599,66.05569580395988,41.17885274608755,Medium
76.85695420760051,96.08835265110399,93.509833159783,38.67214842259327,89.71290172193557,96.38967058419415,91.50602057890295,High
34.96253635510171,32.29716970751586,17.518653464464098,28.189822926708178,24.195806877090718,4.935233263211219,18.40138562943061,Low
52.491363621911276,54.86844361790813,61.747062194507194,31.87851635138326,69.69289907895093,66.47768540694501,48.972495657567215,Medium
97.42712762394056,94.44702157388181,93.36777070570895,36.541589896727984,88.6499065487179,91.30348049436503,64.16445909786812,High
25.860032305703523,1.7066587390822456,22.832745615047305,15.450988682858004,0.7647108807895187,35.56457960316972,28.947199906262295,Low
62.672235633335475,44.130850490983335,63.75106405440421,32.29872305488927,47.39849056310412,55.99138024364882,47.60978827379853,Medium
82.17388836142945,85.28504047031657,77.30615474735656,43.924152455490194,99.99827076507165,93.41497272182188,66.58497042169775,High
15.086159133411595,31.599882332269832,25.277888194193945,16.774047755706142,24.162662389038143,24.338679615786035,3.3883312121450473,Low
65.72320035124288,51.101823258596376,56.587745106534214,33.86896139690162,40.814944524563536,68.99341195348083,35.62662832348737,Medium
97.09653792287233,71.70209892939182,85.96856804739413,43.39587770881772,93.37596396262647,81.71204228614869,82.63301132783035,High
18.84834947998257,27.584281725135362,2.7370183048731573,14.02712081310136,5.469342634519263,36.01176998574421,7.885024874203335,Low
51.71468496975511,58.317394414844074,45.03067235251702,33.6881287780495,53.10400160806741,59.11585753226793,46.290014469405705,Medium
93.15143895815598,98.04333128477829,72.77158848511293,38.84134166645015,99.05143552223242,74.27223755280596,71.10619163703075,High
